nohup: ignoring input
curl -sL -o tla2tools.jar https://github.com/tlaplus/tlaplus/releases/latest/download/tla2tools.jar
cp models/safety_n5.cfg spec/rsdp.cfg
cd spec && java -XX:+UseParallelGC -Xmx12g -cp ../tla2tools.jar tlc2.TLC -workers auto -config rsdp.cfg rsdp.tla
TLC2 Version 2.19 of 08 August 2024 (rev: 5a47802)
Running breadth-first search Model-Checking with fp 10 and seed -3138923804144099366 with 16 workers on 16 cores with 10923MB heap and 64MB offheap memory [pid: 48028] (Linux 7.0.0-28-generic amd64, Ubuntu 21.0.11 x86_64, MSBDiskFPSet, DiskStateQueue).
Parsing file /home/constantine/Programming/Constantine/Projects/RSDP/fault-tolerance-tla/spec/rsdp.tla
Parsing file /tmp/Naturals.tla
Parsing file /tmp/Sequences.tla
Parsing file /tmp/TLC.tla
Parsing file /tmp/FiniteSets.tla
Semantic processing of module Naturals
Semantic processing of module Sequences
Semantic processing of module FiniteSets
Semantic processing of module TLC
Semantic processing of module rsdp
Starting... (2026-07-25 19:18:36)
Computing initial states...
Finished computing initial states: 1 distinct state generated at 2026-07-25 19:18:36.
Progress(14) at 2026-07-25 19:18:39: 120,118 states generated (120,118 s/min), 34,693 distinct states found (34,693 ds/min), 27,091 states left on queue.
Progress(16) at 2026-07-25 19:19:39: 3,237,571 states generated (3,117,453 s/min), 1,012,692 distinct states found (977,999 ds/min), 792,440 states left on queue.
Progress(17) at 2026-07-25 19:20:39: 6,370,955 states generated (3,133,384 s/min), 1,876,673 distinct states found (863,981 ds/min), 1,432,186 states left on queue.
Progress(17) at 2026-07-25 19:21:39: 9,476,762 states generated (3,105,807 s/min), 2,735,798 distinct states found (859,125 ds/min), 2,070,512 states left on queue.
Progress(17) at 2026-07-25 19:22:39: 12,593,987 states generated (3,117,225 s/min), 3,672,003 distinct states found (936,205 ds/min), 2,770,472 states left on queue.
Progress(17) at 2026-07-25 19:23:39: 15,765,467 states generated (3,171,480 s/min), 4,480,224 distinct states found (808,221 ds/min), 3,338,638 states left on queue.
Progress(17) at 2026-07-25 19:24:39: 18,981,822 states generated (3,216,355 s/min), 5,230,664 distinct states found (750,440 ds/min), 3,841,824 states left on queue.
Progress(17) at 2026-07-25 19:25:39: 22,137,099 states generated (3,155,277 s/min), 6,075,398 distinct states found (844,734 ds/min), 4,443,399 states left on queue.
Progress(18) at 2026-07-25 19:26:39: 25,231,378 states generated (3,094,279 s/min), 6,769,665 distinct states found (694,267 ds/min), 4,898,736 states left on queue.
Progress(18) at 2026-07-25 19:27:39: 28,277,365 states generated (3,045,987 s/min), 7,467,459 distinct states found (697,794 ds/min), 5,364,643 states left on queue.
Progress(18) at 2026-07-25 19:28:39: 31,383,573 states generated (3,106,208 s/min), 8,268,997 distinct states found (801,538 ds/min), 5,933,053 states left on queue.
Progress(18) at 2026-07-25 19:29:39: 34,495,843 states generated (3,112,270 s/min), 9,107,401 distinct states found (838,404 ds/min), 6,531,800 states left on queue.
Progress(18) at 2026-07-25 19:30:39: 37,665,486 states generated (3,169,643 s/min), 9,874,130 distinct states found (766,729 ds/min), 7,054,449 states left on queue.
Progress(18) at 2026-07-25 19:31:39: 40,792,275 states generated (3,126,789 s/min), 10,649,480 distinct states found (775,350 ds/min), 7,579,260 states left on queue.
Progress(18) at 2026-07-25 19:32:39: 44,025,957 states generated (3,233,682 s/min), 11,608,678 distinct states found (959,198 ds/min), 8,268,649 states left on queue.
Progress(18) at 2026-07-25 19:33:40: 47,229,980 states generated (3,204,023 s/min), 12,458,769 distinct states found (850,091 ds/min), 8,851,647 states left on queue.
Progress(18) at 2026-07-25 19:34:40: 50,416,634 states generated (3,186,654 s/min), 13,227,909 distinct states found (769,140 ds/min), 9,356,318 states left on queue.
Progress(18) at 2026-07-25 19:35:40: 53,608,162 states generated (3,191,528 s/min), 13,907,067 distinct states found (679,158 ds/min), 9,775,413 states left on queue.
Progress(18) at 2026-07-25 19:36:40: 56,822,125 states generated (3,213,963 s/min), 14,604,867 distinct states found (697,800 ds/min), 10,213,105 states left on queue.
Progress(18) at 2026-07-25 19:37:40: 60,119,354 states generated (3,297,229 s/min), 15,301,169 distinct states found (696,302 ds/min), 10,636,035 states left on queue.
Progress(18) at 2026-07-25 19:38:40: 63,385,160 states generated (3,265,806 s/min), 15,991,667 distinct states found (690,498 ds/min), 11,054,383 states left on queue.
Progress(18) at 2026-07-25 19:39:40: 66,595,689 states generated (3,210,529 s/min), 16,602,580 distinct states found (610,913 ds/min), 11,397,527 states left on queue.
Progress(18) at 2026-07-25 19:40:40: 69,834,048 states generated (3,238,359 s/min), 17,214,488 distinct states found (611,908 ds/min), 11,739,257 states left on queue.
Progress(18) at 2026-07-25 19:41:40: 73,013,691 states generated (3,179,643 s/min), 18,057,234 distinct states found (842,746 ds/min), 12,316,953 states left on queue.
Progress(18) at 2026-07-25 19:42:40: 76,172,296 states generated (3,158,605 s/min), 18,881,519 distinct states found (824,285 ds/min), 12,878,021 states left on queue.
Progress(19) at 2026-07-25 19:43:40: 79,377,815 states generated (3,205,519 s/min), 19,581,724 distinct states found (700,205 ds/min), 13,310,770 states left on queue.
Progress(19) at 2026-07-25 19:44:40: 82,643,512 states generated (3,265,697 s/min), 20,166,947 distinct states found (585,223 ds/min), 13,623,037 states left on queue.
Progress(19) at 2026-07-25 19:45:40: 85,815,003 states generated (3,171,491 s/min), 20,769,545 distinct states found (602,598 ds/min), 13,961,216 states left on queue.
Progress(19) at 2026-07-25 19:46:40: 88,932,230 states generated (3,117,227 s/min), 21,447,160 distinct states found (677,615 ds/min), 14,379,031 states left on queue.
Progress(19) at 2026-07-25 19:47:40: 92,075,026 states generated (3,142,796 s/min), 22,017,096 distinct states found (569,936 ds/min), 14,689,247 states left on queue.
Checkpointing of run states/26-07-25-19-18-36
Checkpointing completed at (2026-07-25 19:48:40)
Progress(19) at 2026-07-25 19:48:40: 95,200,966 states generated (3,125,940 s/min), 22,811,573 distinct states found (794,477 ds/min), 15,240,746 states left on queue.
Progress(19) at 2026-07-25 19:49:40: 98,407,067 states generated (3,206,101 s/min), 23,451,895 distinct states found (640,322 ds/min), 15,628,148 states left on queue.
Progress(19) at 2026-07-25 19:50:40: 101,558,312 states generated (3,151,245 s/min), 24,286,637 distinct states found (834,742 ds/min), 16,201,605 states left on queue.
Progress(19) at 2026-07-25 19:51:40: 104,641,871 states generated (3,083,559 s/min), 25,063,229 distinct states found (776,592 ds/min), 16,721,235 states left on queue.
Progress(19) at 2026-07-25 19:52:40: 107,843,017 states generated (3,201,146 s/min), 25,798,859 distinct states found (735,630 ds/min), 17,190,103 states left on queue.
Progress(19) at 2026-07-25 19:53:40: 110,991,916 states generated (3,148,899 s/min), 26,608,649 distinct states found (809,790 ds/min), 17,737,405 states left on queue.
Progress(19) at 2026-07-25 19:54:40: 114,082,006 states generated (3,090,090 s/min), 27,302,706 distinct states found (694,057 ds/min), 18,173,741 states left on queue.
Progress(19) at 2026-07-25 19:55:40: 117,182,514 states generated (3,100,508 s/min), 27,947,832 distinct states found (645,126 ds/min), 18,560,330 states left on queue.
Progress(19) at 2026-07-25 19:56:40: 120,464,478 states generated (3,281,964 s/min), 28,693,130 distinct states found (745,298 ds/min), 19,032,091 states left on queue.
Progress(19) at 2026-07-25 19:57:40: 123,730,399 states generated (3,265,921 s/min), 29,320,206 distinct states found (627,076 ds/min), 19,387,007 states left on queue.
Progress(19) at 2026-07-25 19:58:40: 126,968,394 states generated (3,237,995 s/min), 29,961,442 distinct states found (641,236 ds/min), 19,758,401 states left on queue.
Progress(19) at 2026-07-25 19:59:40: 130,235,335 states generated (3,266,941 s/min), 30,819,151 distinct states found (857,709 ds/min), 20,321,844 states left on queue.
Progress(19) at 2026-07-25 20:00:40: 133,472,529 states generated (3,237,194 s/min), 31,645,400 distinct states found (826,249 ds/min), 20,853,796 states left on queue.
Progress(19) at 2026-07-25 20:01:40: 136,722,233 states generated (3,249,704 s/min), 32,480,823 distinct states found (835,423 ds/min), 21,393,555 states left on queue.
Progress(19) at 2026-07-25 20:02:40: 139,954,593 states generated (3,232,360 s/min), 33,331,559 distinct states found (850,736 ds/min), 21,950,376 states left on queue.
Progress(19) at 2026-07-25 20:03:40: 143,112,440 states generated (3,157,847 s/min), 34,070,290 distinct states found (738,731 ds/min), 22,402,023 states left on queue.
Progress(19) at 2026-07-25 20:04:40: 146,399,263 states generated (3,286,823 s/min), 34,800,119 distinct states found (729,829 ds/min), 22,833,022 states left on queue.
Progress(19) at 2026-07-25 20:05:40: 149,455,904 states generated (3,056,641 s/min), 35,487,923 distinct states found (687,804 ds/min), 23,242,932 states left on queue.
Progress(19) at 2026-07-25 20:06:40: 152,703,718 states generated (3,247,814 s/min), 36,260,673 distinct states found (772,750 ds/min), 23,720,428 states left on queue.
Progress(19) at 2026-07-25 20:07:40: 155,978,258 states generated (3,274,540 s/min), 36,946,407 distinct states found (685,734 ds/min), 24,109,630 states left on queue.
Progress(19) at 2026-07-25 20:08:40: 159,265,366 states generated (3,287,108 s/min), 37,605,234 distinct states found (658,827 ds/min), 24,470,740 states left on queue.
Progress(19) at 2026-07-25 20:09:40: 162,504,439 states generated (3,239,073 s/min), 38,206,397 distinct states found (601,163 ds/min), 24,777,456 states left on queue.
Progress(19) at 2026-07-25 20:10:40: 165,748,978 states generated (3,244,539 s/min), 38,805,486 distinct states found (599,089 ds/min), 25,090,421 states left on queue.
Progress(19) at 2026-07-25 20:11:40: 169,061,000 states generated (3,312,022 s/min), 39,427,858 distinct states found (622,372 ds/min), 25,430,696 states left on queue.
Progress(19) at 2026-07-25 20:12:40: 172,287,522 states generated (3,226,522 s/min), 40,061,877 distinct states found (634,019 ds/min), 25,785,509 states left on queue.
Progress(19) at 2026-07-25 20:13:40: 175,568,820 states generated (3,281,298 s/min), 40,726,364 distinct states found (664,487 ds/min), 26,153,300 states left on queue.
Progress(19) at 2026-07-25 20:14:40: 178,946,698 states generated (3,377,878 s/min), 41,326,802 distinct states found (600,438 ds/min), 26,450,992 states left on queue.
Progress(19) at 2026-07-25 20:15:40: 182,280,666 states generated (3,333,968 s/min), 41,942,490 distinct states found (615,688 ds/min), 26,763,596 states left on queue.
Progress(19) at 2026-07-25 20:16:40: 185,587,406 states generated (3,306,740 s/min), 42,575,771 distinct states found (633,281 ds/min), 27,096,266 states left on queue.
Progress(19) at 2026-07-25 20:17:40: 188,916,232 states generated (3,328,826 s/min), 43,170,076 distinct states found (594,305 ds/min), 27,387,948 states left on queue.
Checkpointing of run states/26-07-25-19-18-36
Checkpointing completed at (2026-07-25 20:18:40)
Progress(19) at 2026-07-25 20:18:40: 192,207,356 states generated (3,291,124 s/min), 43,766,151 distinct states found (596,075 ds/min), 27,684,829 states left on queue.
Progress(19) at 2026-07-25 20:19:40: 195,471,426 states generated (3,264,070 s/min), 44,288,192 distinct states found (522,041 ds/min), 27,910,134 states left on queue.
Progress(19) at 2026-07-25 20:20:40: 198,768,170 states generated (3,296,744 s/min), 44,834,531 distinct states found (546,339 ds/min), 28,156,542 states left on queue.
Progress(19) at 2026-07-25 20:21:40: 202,068,773 states generated (3,300,603 s/min), 45,413,056 distinct states found (578,525 ds/min), 28,434,795 states left on queue.
Progress(19) at 2026-07-25 20:22:40: 205,343,889 states generated (3,275,116 s/min), 45,958,204 distinct states found (545,148 ds/min), 28,682,166 states left on queue.
Progress(19) at 2026-07-25 20:23:40: 208,626,910 states generated (3,283,021 s/min), 46,843,429 distinct states found (885,225 ds/min), 29,268,926 states left on queue.
Progress(19) at 2026-07-25 20:24:40: 211,906,318 states generated (3,279,408 s/min), 47,639,480 distinct states found (796,051 ds/min), 29,766,844 states left on queue.
Progress(19) at 2026-07-25 20:25:40: 215,197,745 states generated (3,291,427 s/min), 48,405,544 distinct states found (766,064 ds/min), 30,233,687 states left on queue.
Progress(19) at 2026-07-25 20:26:40: 218,475,887 states generated (3,278,142 s/min), 49,132,698 distinct states found (727,154 ds/min), 30,662,828 states left on queue.
Progress(19) at 2026-07-25 20:27:40: 221,577,742 states generated (3,101,855 s/min), 49,812,522 distinct states found (679,824 ds/min), 31,060,667 states left on queue.
Progress(19) at 2026-07-25 20:28:40: 224,836,515 states generated (3,258,773 s/min), 50,479,308 distinct states found (666,786 ds/min), 31,431,201 states left on queue.
Progress(19) at 2026-07-25 20:29:40: 228,038,223 states generated (3,201,708 s/min), 51,093,565 distinct states found (614,257 ds/min), 31,754,394 states left on queue.
Progress(20) at 2026-07-25 20:30:40: 231,292,685 states generated (3,254,462 s/min), 51,659,523 distinct states found (565,958 ds/min), 32,023,842 states left on queue.
Progress(20) at 2026-07-25 20:31:40: 234,580,341 states generated (3,287,656 s/min), 52,164,961 distinct states found (505,438 ds/min), 32,229,685 states left on queue.
Progress(20) at 2026-07-25 20:32:40: 237,915,024 states generated (3,334,683 s/min), 52,702,448 distinct states found (537,487 ds/min), 32,463,974 states left on queue.
Progress(20) at 2026-07-25 20:33:40: 241,248,916 states generated (3,333,892 s/min), 53,277,823 distinct states found (575,375 ds/min), 32,736,199 states left on queue.
Progress(20) at 2026-07-25 20:34:40: 244,595,514 states generated (3,346,598 s/min), 53,772,717 distinct states found (494,894 ds/min), 32,926,840 states left on queue.
Progress(20) at 2026-07-25 20:35:40: 247,772,100 states generated (3,176,586 s/min), 54,482,488 distinct states found (709,771 ds/min), 33,347,823 states left on queue.
Progress(20) at 2026-07-25 20:36:40: 250,805,177 states generated (3,033,077 s/min), 55,064,479 distinct states found (581,991 ds/min), 33,654,081 states left on queue.
Progress(20) at 2026-07-25 20:37:40: 254,106,825 states generated (3,301,648 s/min), 55,578,423 distinct states found (513,944 ds/min), 33,868,301 states left on queue.
Progress(20) at 2026-07-25 20:38:40: 257,383,373 states generated (3,276,548 s/min), 56,182,763 distinct states found (604,340 ds/min), 34,181,418 states left on queue.
Progress(20) at 2026-07-25 20:39:40: 260,626,209 states generated (3,242,836 s/min), 57,006,194 distinct states found (823,431 ds/min), 34,733,787 states left on queue.
Progress(20) at 2026-07-25 20:40:40: 263,914,108 states generated (3,287,899 s/min), 57,769,237 distinct states found (763,043 ds/min), 35,220,985 states left on queue.
Progress(20) at 2026-07-25 20:41:40: 267,252,223 states generated (3,338,115 s/min), 58,459,088 distinct states found (689,851 ds/min), 35,630,577 states left on queue.
Progress(20) at 2026-07-25 20:42:40: 270,577,316 states generated (3,325,093 s/min), 59,127,560 distinct states found (668,472 ds/min), 36,021,870 states left on queue.
Progress(20) at 2026-07-25 20:43:40: 273,846,371 states generated (3,269,055 s/min), 59,662,284 distinct states found (534,724 ds/min), 36,274,237 states left on queue.
Progress(20) at 2026-07-25 20:44:40: 277,161,316 states generated (3,314,945 s/min), 60,375,391 distinct states found (713,107 ds/min), 36,692,692 states left on queue.
Progress(20) at 2026-07-25 20:45:40: 280,493,244 states generated (3,331,928 s/min), 61,223,786 distinct states found (848,395 ds/min), 37,238,183 states left on queue.
Progress(20) at 2026-07-25 20:46:40: 283,849,148 states generated (3,355,904 s/min), 62,040,077 distinct states found (816,291 ds/min), 37,749,394 states left on queue.
Progress(20) at 2026-07-25 20:47:40: 287,145,704 states generated (3,296,556 s/min), 62,845,193 distinct states found (805,116 ds/min), 38,254,820 states left on queue.
Checkpointing of run states/26-07-25-19-18-36
Checkpointing completed at (2026-07-25 20:48:40)
Progress(20) at 2026-07-25 20:48:40: 290,417,345 states generated (3,271,641 s/min), 63,532,668 distinct states found (687,475 ds/min), 38,644,876 states left on queue.
Progress(20) at 2026-07-25 20:49:40: 293,449,326 states generated (3,031,981 s/min), 64,178,954 distinct states found (646,286 ds/min), 39,015,527 states left on queue.
Progress(20) at 2026-07-25 20:50:40: 296,511,292 states generated (3,061,966 s/min), 64,814,032 distinct states found (635,078 ds/min), 39,372,244 states left on queue.
Progress(20) at 2026-07-25 20:51:40: 299,805,205 states generated (3,293,913 s/min), 65,472,474 distinct states found (658,442 ds/min), 39,731,243 states left on queue.
Progress(20) at 2026-07-25 20:52:40: 303,041,234 states generated (3,236,029 s/min), 66,242,036 distinct states found (769,562 ds/min), 40,206,615 states left on queue.
Progress(20) at 2026-07-25 20:53:40: 306,119,230 states generated (3,077,996 s/min), 66,925,535 distinct states found (683,499 ds/min), 40,610,297 states left on queue.
Progress(20) at 2026-07-25 20:54:40: 309,360,893 states generated (3,241,663 s/min), 67,613,044 distinct states found (687,509 ds/min), 41,003,026 states left on queue.
Progress(20) at 2026-07-25 20:55:40: 312,577,184 states generated (3,216,291 s/min), 68,299,430 distinct states found (686,386 ds/min), 41,396,876 states left on queue.
Progress(20) at 2026-07-25 20:56:40: 315,798,518 states generated (3,221,334 s/min), 68,895,540 distinct states found (596,110 ds/min), 41,700,105 states left on queue.
Progress(20) at 2026-07-25 20:57:40: 319,070,656 states generated (3,272,138 s/min), 69,486,842 distinct states found (591,302 ds/min), 41,993,940 states left on queue.
Progress(20) at 2026-07-25 20:58:40: 322,269,983 states generated (3,199,327 s/min), 70,068,005 distinct states found (581,163 ds/min), 42,284,164 states left on queue.
Progress(20) at 2026-07-25 20:59:40: 325,427,665 states generated (3,157,682 s/min), 70,716,375 distinct states found (648,370 ds/min), 42,645,464 states left on queue.
Progress(20) at 2026-07-25 21:00:40: 328,556,302 states generated (3,128,637 s/min), 71,308,050 distinct states found (591,675 ds/min), 42,952,700 states left on queue.
Progress(20) at 2026-07-25 21:01:40: 331,830,729 states generated (3,274,427 s/min), 71,950,926 distinct states found (642,876 ds/min), 43,297,901 states left on queue.
Progress(20) at 2026-07-25 21:02:40: 335,190,575 states generated (3,359,846 s/min), 72,534,335 distinct states found (583,409 ds/min), 43,575,867 states left on queue.
Progress(20) at 2026-07-25 21:03:40: 338,539,244 states generated (3,348,669 s/min), 73,090,512 distinct states found (556,177 ds/min), 43,827,619 states left on queue.
Progress(20) at 2026-07-25 21:04:40: 341,681,912 states generated (3,142,668 s/min), 73,673,943 distinct states found (583,431 ds/min), 44,125,355 states left on queue.
Progress(20) at 2026-07-25 21:05:40: 344,932,372 states generated (3,250,460 s/min), 74,203,527 distinct states found (529,584 ds/min), 44,359,439 states left on queue.
Progress(20) at 2026-07-25 21:06:40: 348,159,555 states generated (3,227,183 s/min), 74,803,345 distinct states found (599,818 ds/min), 44,654,020 states left on queue.
Progress(20) at 2026-07-25 21:07:40: 351,451,651 states generated (3,292,096 s/min), 75,668,384 distinct states found (865,039 ds/min), 45,190,469 states left on queue.
Progress(20) at 2026-07-25 21:08:40: 354,697,559 states generated (3,245,908 s/min), 76,479,490 distinct states found (811,106 ds/min), 45,676,985 states left on queue.
Progress(20) at 2026-07-25 21:09:40: 357,864,432 states generated (3,166,873 s/min), 77,128,018 distinct states found (648,528 ds/min), 46,008,824 states left on queue.
Progress(20) at 2026-07-25 21:10:40: 361,179,693 states generated (3,315,261 s/min), 77,933,370 distinct states found (805,352 ds/min), 46,482,649 states left on queue.
Progress(20) at 2026-07-25 21:11:40: 364,448,275 states generated (3,268,582 s/min), 78,732,181 distinct states found (798,811 ds/min), 46,954,601 states left on queue.
Progress(20) at 2026-07-25 21:12:40: 367,631,700 states generated (3,183,425 s/min), 79,401,245 distinct states found (669,064 ds/min), 47,305,147 states left on queue.
Progress(20) at 2026-07-25 21:13:40: 370,903,169 states generated (3,271,469 s/min), 80,166,666 distinct states found (765,421 ds/min), 47,743,421 states left on queue.
Progress(20) at 2026-07-25 21:14:40: 374,209,493 states generated (3,306,324 s/min), 80,950,345 distinct states found (783,679 ds/min), 48,196,449 states left on queue.
Progress(20) at 2026-07-25 21:15:40: 377,564,416 states generated (3,354,923 s/min), 81,691,263 distinct states found (740,918 ds/min), 48,601,865 states left on queue.
Progress(20) at 2026-07-25 21:16:40: 380,910,243 states generated (3,345,827 s/min), 82,409,032 distinct states found (717,769 ds/min), 48,985,050 states left on queue.
Progress(20) at 2026-07-25 21:17:40: 384,166,438 states generated (3,256,195 s/min), 83,056,770 distinct states found (647,738 ds/min), 49,307,167 states left on queue.
Checkpointing of run states/26-07-25-19-18-36
Checkpointing completed at (2026-07-25 21:18:40)
Progress(20) at 2026-07-25 21:18:40: 387,475,639 states generated (3,309,201 s/min), 83,715,255 distinct states found (658,485 ds/min), 49,634,733 states left on queue.
Progress(20) at 2026-07-25 21:19:40: 390,673,428 states generated (3,197,789 s/min), 84,356,716 distinct states found (641,461 ds/min), 49,956,414 states left on queue.
Progress(20) at 2026-07-25 21:20:40: 393,991,973 states generated (3,318,545 s/min), 84,987,479 distinct states found (630,763 ds/min), 50,255,313 states left on queue.
Progress(20) at 2026-07-25 21:21:40: 397,184,201 states generated (3,192,228 s/min), 85,582,829 distinct states found (595,350 ds/min), 50,531,436 states left on queue.
Progress(20) at 2026-07-25 21:22:40: 400,379,820 states generated (3,195,619 s/min), 86,274,892 distinct states found (692,063 ds/min), 50,903,937 states left on queue.
Progress(20) at 2026-07-25 21:23:40: 403,650,300 states generated (3,270,480 s/min), 86,936,339 distinct states found (661,447 ds/min), 51,238,335 states left on queue.
Progress(20) at 2026-07-25 21:24:40: 406,975,826 states generated (3,325,526 s/min), 87,610,827 distinct states found (674,488 ds/min), 51,580,269 states left on queue.
Progress(20) at 2026-07-25 21:25:40: 410,328,572 states generated (3,352,746 s/min), 88,245,031 distinct states found (634,204 ds/min), 51,879,201 states left on queue.
Progress(20) at 2026-07-25 21:26:40: 413,680,055 states generated (3,351,483 s/min), 88,861,650 distinct states found (616,619 ds/min), 52,160,668 states left on queue.
Progress(20) at 2026-07-25 21:27:40: 416,980,522 states generated (3,300,467 s/min), 89,445,906 distinct states found (584,256 ds/min), 52,417,452 states left on queue.
Progress(20) at 2026-07-25 21:28:40: 420,190,025 states generated (3,209,503 s/min), 90,006,576 distinct states found (560,670 ds/min), 52,658,228 states left on queue.
Progress(20) at 2026-07-25 21:29:40: 423,438,271 states generated (3,248,246 s/min), 90,556,688 distinct states found (550,112 ds/min), 52,883,681 states left on queue.
Progress(20) at 2026-07-25 21:30:40: 426,668,053 states generated (3,229,782 s/min), 91,110,860 distinct states found (554,172 ds/min), 53,114,878 states left on queue.
Progress(20) at 2026-07-25 21:31:40: 429,972,363 states generated (3,304,310 s/min), 91,619,573 distinct states found (508,713 ds/min), 53,293,970 states left on queue.
Progress(20) at 2026-07-25 21:32:40: 433,346,824 states generated (3,374,461 s/min), 92,166,231 distinct states found (546,658 ds/min), 53,515,703 states left on queue.
Progress(20) at 2026-07-25 21:33:40: 436,704,261 states generated (3,357,437 s/min), 92,726,056 distinct states found (559,825 ds/min), 53,758,345 states left on queue.
Progress(20) at 2026-07-25 21:34:40: 439,995,154 states generated (3,290,893 s/min), 93,202,306 distinct states found (476,250 ds/min), 53,926,113 states left on queue.
Progress(20) at 2026-07-25 21:35:40: 443,196,090 states generated (3,200,936 s/min), 93,870,792 distinct states found (668,486 ds/min), 54,319,128 states left on queue.
Progress(20) at 2026-07-25 21:36:40: 446,533,828 states generated (3,337,738 s/min), 94,437,297 distinct states found (566,505 ds/min), 54,573,045 states left on queue.
Progress(20) at 2026-07-25 21:37:40: 449,846,511 states generated (3,312,683 s/min), 95,081,832 distinct states found (644,535 ds/min), 54,886,312 states left on queue.
Progress(20) at 2026-07-25 21:38:40: 453,124,557 states generated (3,278,046 s/min), 95,663,748 distinct states found (581,916 ds/min), 55,140,423 states left on queue.
Progress(20) at 2026-07-25 21:39:40: 456,413,899 states generated (3,289,342 s/min), 96,170,962 distinct states found (507,214 ds/min), 55,323,136 states left on queue.
Progress(20) at 2026-07-25 21:40:40: 459,833,880 states generated (3,419,981 s/min), 96,758,588 distinct states found (587,626 ds/min), 55,569,577 states left on queue.
Progress(20) at 2026-07-25 21:41:40: 463,189,291 states generated (3,355,411 s/min), 97,258,881 distinct states found (500,293 ds/min), 55,740,272 states left on queue.
Progress(20) at 2026-07-25 21:42:40: 466,572,838 states generated (3,383,547 s/min), 97,841,610 distinct states found (582,729 ds/min), 55,984,646 states left on queue.
Progress(20) at 2026-07-25 21:43:40: 469,947,620 states generated (3,374,782 s/min), 98,420,590 distinct states found (578,980 ds/min), 56,226,148 states left on queue.
Progress(20) at 2026-07-25 21:44:40: 473,297,857 states generated (3,350,237 s/min), 98,971,797 distinct states found (551,207 ds/min), 56,442,332 states left on queue.
Progress(20) at 2026-07-25 21:45:40: 476,674,634 states generated (3,376,777 s/min), 99,464,809 distinct states found (493,012 ds/min), 56,597,667 states left on queue.
Progress(20) at 2026-07-25 21:46:40: 480,014,321 states generated (3,339,687 s/min), 100,034,171 distinct states found (569,362 ds/min), 56,833,058 states left on queue.
Progress(20) at 2026-07-25 21:47:40: 483,372,904 states generated (3,358,583 s/min), 100,572,554 distinct states found (538,383 ds/min), 57,035,587 states left on queue.
Checkpointing of run states/26-07-25-19-18-36
Checkpointing completed at (2026-07-25 21:48:40)
Progress(20) at 2026-07-25 21:48:40: 486,702,312 states generated (3,329,408 s/min), 101,069,270 distinct states found (496,716 ds/min), 57,199,359 states left on queue.
Progress(20) at 2026-07-25 21:49:40: 490,013,572 states generated (3,311,260 s/min), 101,522,499 distinct states found (453,229 ds/min), 57,321,460 states left on queue.
Progress(20) at 2026-07-25 21:50:40: 493,276,232 states generated (3,262,660 s/min), 102,037,590 distinct states found (515,091 ds/min), 57,510,287 states left on queue.
Progress(20) at 2026-07-25 21:51:40: 496,558,679 states generated (3,282,447 s/min), 102,497,111 distinct states found (459,521 ds/min), 57,641,382 states left on queue.
Progress(20) at 2026-07-25 21:52:40: 499,853,865 states generated (3,295,186 s/min), 103,019,793 distinct states found (522,682 ds/min), 57,834,495 states left on queue.
Progress(20) at 2026-07-25 21:53:40: 503,104,945 states generated (3,251,080 s/min), 103,491,002 distinct states found (471,209 ds/min), 57,980,530 states left on queue.
Progress(20) at 2026-07-25 21:54:40: 506,455,559 states generated (3,350,614 s/min), 103,943,383 distinct states found (452,381 ds/min), 58,097,837 states left on queue.
Progress(20) at 2026-07-25 21:55:40: 509,771,409 states generated (3,315,850 s/min), 104,827,805 distinct states found (884,422 ds/min), 58,650,673 states left on queue.
Progress(20) at 2026-07-25 21:56:40: 513,114,657 states generated (3,343,248 s/min), 105,629,146 distinct states found (801,341 ds/min), 59,117,690 states left on queue.
Progress(20) at 2026-07-25 21:57:40: 516,369,032 states generated (3,254,375 s/min), 106,317,116 distinct states found (687,970 ds/min), 59,480,222 states left on queue.
Progress(20) at 2026-07-25 21:58:40: 519,745,360 states generated (3,376,328 s/min), 107,069,468 distinct states found (752,352 ds/min), 59,894,938 states left on queue.
Progress(20) at 2026-07-25 21:59:40: 523,039,113 states generated (3,293,753 s/min), 107,807,628 distinct states found (738,160 ds/min), 60,303,726 states left on queue.
Progress(20) at 2026-07-25 22:00:40: 526,378,982 states generated (3,339,869 s/min), 108,445,616 distinct states found (637,988 ds/min), 60,607,725 states left on queue.
Progress(20) at 2026-07-25 22:01:40: 529,675,459 states generated (3,296,477 s/min), 109,133,130 distinct states found (687,514 ds/min), 60,965,591 states left on queue.
Progress(20) at 2026-07-25 22:02:40: 532,972,667 states generated (3,297,208 s/min), 109,821,555 distinct states found (688,425 ds/min), 61,324,294 states left on queue.
Progress(20) at 2026-07-25 22:03:40: 536,214,058 states generated (3,241,391 s/min), 110,454,097 distinct states found (632,542 ds/min), 61,632,699 states left on queue.
Progress(20) at 2026-07-25 22:04:40: 539,474,082 states generated (3,260,024 s/min), 111,041,752 distinct states found (587,655 ds/min), 61,894,351 states left on queue.
Progress(20) at 2026-07-25 22:05:40: 542,752,983 states generated (3,278,901 s/min), 111,642,885 distinct states found (601,133 ds/min), 62,167,596 states left on queue.
Progress(20) at 2026-07-25 22:06:40: 546,034,084 states generated (3,281,101 s/min), 112,294,920 distinct states found (652,035 ds/min), 62,491,520 states left on queue.
Progress(20) at 2026-07-25 22:07:40: 549,339,635 states generated (3,305,551 s/min), 112,876,368 distinct states found (581,448 ds/min), 62,742,410 states left on queue.
Progress(20) at 2026-07-25 22:08:40: 552,559,912 states generated (3,220,277 s/min), 113,442,622 distinct states found (566,254 ds/min), 62,986,639 states left on queue.
Progress(20) at 2026-07-25 22:09:40: 555,772,942 states generated (3,213,030 s/min), 113,966,810 distinct states found (524,188 ds/min), 63,189,525 states left on queue.
Progress(20) at 2026-07-25 22:10:40: 559,080,931 states generated (3,307,989 s/min), 114,522,197 distinct states found (555,387 ds/min), 63,414,111 states left on queue.
Progress(21) at 2026-07-25 22:11:40: 562,464,361 states generated (3,383,430 s/min), 115,040,917 distinct states found (518,720 ds/min), 63,594,412 states left on queue.
Progress(21) at 2026-07-25 22:12:40: 565,735,562 states generated (3,271,201 s/min), 115,525,226 distinct states found (484,309 ds/min), 63,750,864 states left on queue.
Progress(21) at 2026-07-25 22:13:40: 569,031,897 states generated (3,296,335 s/min), 115,967,375 distinct states found (442,149 ds/min), 63,862,816 states left on queue.
Progress(21) at 2026-07-25 22:14:40: 572,389,822 states generated (3,357,925 s/min), 116,408,929 distinct states found (441,554 ds/min), 63,968,530 states left on queue.
Progress(21) at 2026-07-25 22:15:40: 575,763,778 states generated (3,373,956 s/min), 116,944,143 distinct states found (535,214 ds/min), 64,166,332 states left on queue.
Progress(21) at 2026-07-25 22:16:40: 579,078,387 states generated (3,314,609 s/min), 117,459,310 distinct states found (515,167 ds/min), 64,350,022 states left on queue.
Progress(21) at 2026-07-25 22:17:40: 582,423,245 states generated (3,344,858 s/min), 117,918,975 distinct states found (459,665 ds/min), 64,475,197 states left on queue.
Checkpointing of run states/26-07-25-19-18-36
Checkpointing completed at (2026-07-25 22:18:41)
Progress(21) at 2026-07-25 22:18:41: 585,797,383 states generated (3,374,138 s/min), 118,347,414 distinct states found (428,439 ds/min), 64,566,223 states left on queue.
Progress(21) at 2026-07-25 22:19:41: 589,130,135 states generated (3,332,752 s/min), 119,096,007 distinct states found (748,593 ds/min), 64,981,539 states left on queue.
Progress(21) at 2026-07-25 22:20:41: 592,482,672 states generated (3,352,537 s/min), 119,719,533 distinct states found (623,526 ds/min), 65,269,808 states left on queue.
Progress(21) at 2026-07-25 22:21:41: 595,861,775 states generated (3,379,103 s/min), 120,309,979 distinct states found (590,446 ds/min), 65,522,350 states left on queue.
Progress(21) at 2026-07-25 22:22:41: 599,208,064 states generated (3,346,289 s/min), 120,867,092 distinct states found (557,113 ds/min), 65,744,830 states left on queue.
Progress(21) at 2026-07-25 22:23:41: 602,577,672 states generated (3,369,608 s/min), 121,351,996 distinct states found (484,904 ds/min), 65,893,166 states left on queue.
Progress(21) at 2026-07-25 22:24:41: 605,863,870 states generated (3,286,198 s/min), 121,768,864 distinct states found (416,868 ds/min), 65,981,743 states left on queue.
Progress(21) at 2026-07-25 22:25:41: 609,127,197 states generated (3,263,327 s/min), 122,455,414 distinct states found (686,550 ds/min), 66,358,483 states left on queue.
Progress(21) at 2026-07-25 22:26:41: 612,378,986 states generated (3,251,789 s/min), 123,237,230 distinct states found (781,816 ds/min), 66,843,874 states left on queue.
Progress(21) at 2026-07-25 22:27:41: 615,628,718 states generated (3,249,732 s/min), 123,931,152 distinct states found (693,922 ds/min), 67,241,835 states left on queue.
Progress(21) at 2026-07-25 22:28:41: 618,975,025 states generated (3,346,307 s/min), 124,678,995 distinct states found (747,843 ds/min), 67,685,262 states left on queue.
Progress(21) at 2026-07-25 22:29:41: 622,275,022 states generated (3,299,997 s/min), 125,373,785 distinct states found (694,790 ds/min), 68,077,956 states left on queue.
Progress(21) at 2026-07-25 22:30:41: 625,581,990 states generated (3,306,968 s/min), 126,081,444 distinct states found (707,659 ds/min), 68,484,087 states left on queue.
Progress(21) at 2026-07-25 22:31:41: 628,893,600 states generated (3,311,610 s/min), 126,626,039 distinct states found (544,595 ds/min), 68,725,627 states left on queue.
Progress(21) at 2026-07-25 22:32:41: 632,290,749 states generated (3,397,149 s/min), 127,322,107 distinct states found (696,068 ds/min), 69,111,871 states left on queue.
Progress(21) at 2026-07-25 22:33:41: 635,716,162 states generated (3,425,413 s/min), 127,984,040 distinct states found (661,933 ds/min), 69,462,335 states left on queue.
Progress(21) at 2026-07-25 22:34:41: 639,087,246 states generated (3,371,084 s/min), 128,597,173 distinct states found (613,133 ds/min), 69,768,999 states left on queue.
Progress(21) at 2026-07-25 22:35:41: 642,480,085 states generated (3,392,839 s/min), 129,152,182 distinct states found (555,009 ds/min), 70,015,502 states left on queue.
Progress(21) at 2026-07-25 22:36:41: 645,885,129 states generated (3,405,044 s/min), 129,607,863 distinct states found (455,681 ds/min), 70,146,573 states left on queue.
Progress(21) at 2026-07-25 22:37:41: 649,208,894 states generated (3,323,765 s/min), 130,127,590 distinct states found (519,727 ds/min), 70,358,983 states left on queue.
Progress(21) at 2026-07-25 22:38:41: 652,580,166 states generated (3,371,272 s/min), 130,821,832 distinct states found (694,242 ds/min), 70,723,169 states left on queue.
Progress(21) at 2026-07-25 22:39:41: 655,892,882 states generated (3,312,716 s/min), 131,697,307 distinct states found (875,475 ds/min), 71,267,371 states left on queue.
Progress(21) at 2026-07-25 22:40:41: 659,248,983 states generated (3,356,101 s/min), 132,465,299 distinct states found (767,992 ds/min), 71,699,754 states left on queue.
Progress(21) at 2026-07-25 22:41:41: 662,644,118 states generated (3,395,135 s/min), 133,196,526 distinct states found (731,227 ds/min), 72,091,469 states left on queue.
Progress(21) at 2026-07-25 22:42:41: 666,049,817 states generated (3,405,699 s/min), 133,950,925 distinct states found (754,399 ds/min), 72,505,299 states left on queue.
Progress(21) at 2026-07-25 22:43:41: 669,101,175 states generated (3,051,358 s/min), 134,656,864 distinct states found (705,939 ds/min), 72,906,100 states left on queue.
Progress(21) at 2026-07-25 22:44:41: 672,446,114 states generated (3,344,939 s/min), 135,330,525 distinct states found (673,661 ds/min), 73,245,268 states left on queue.
Progress(21) at 2026-07-25 22:45:41: 675,752,290 states generated (3,306,176 s/min), 136,081,122 distinct states found (750,597 ds/min), 73,665,248 states left on queue.
Progress(21) at 2026-07-25 22:46:41: 679,056,364 states generated (3,304,074 s/min), 136,731,196 distinct states found (650,074 ds/min), 73,984,916 states left on queue.
Progress(21) at 2026-07-25 22:47:41: 682,388,048 states generated (3,331,684 s/min), 137,409,551 distinct states found (678,355 ds/min), 74,330,100 states left on queue.
Checkpointing of run states/26-07-25-19-18-36
Checkpointing completed at (2026-07-25 22:48:41)
Progress(21) at 2026-07-25 22:48:41: 685,728,409 states generated (3,340,361 s/min), 138,002,116 distinct states found (592,565 ds/min), 74,588,630 states left on queue.
Progress(21) at 2026-07-25 22:49:41: 689,089,393 states generated (3,360,984 s/min), 138,596,285 distinct states found (594,169 ds/min), 74,846,698 states left on queue.
Progress(21) at 2026-07-25 22:50:41: 692,426,836 states generated (3,337,443 s/min), 139,267,531 distinct states found (671,246 ds/min), 75,184,202 states left on queue.
Progress(21) at 2026-07-25 22:51:41: 695,769,754 states generated (3,342,918 s/min), 139,885,961 distinct states found (618,430 ds/min), 75,468,340 states left on queue.
Progress(21) at 2026-07-25 22:52:41: 699,115,051 states generated (3,345,297 s/min), 140,492,058 distinct states found (606,097 ds/min), 75,739,908 states left on queue.
Progress(21) at 2026-07-25 22:53:41: 702,477,471 states generated (3,362,420 s/min), 141,062,507 distinct states found (570,449 ds/min), 75,974,112 states left on queue.
Progress(21) at 2026-07-25 22:54:41: 705,739,586 states generated (3,262,115 s/min), 141,720,857 distinct states found (658,350 ds/min), 76,306,254 states left on queue.
Progress(21) at 2026-07-25 22:55:41: 708,968,335 states generated (3,228,749 s/min), 142,334,830 distinct states found (613,973 ds/min), 76,597,350 states left on queue.
Progress(21) at 2026-07-25 22:56:41: 712,192,113 states generated (3,223,778 s/min), 143,069,755 distinct states found (734,925 ds/min), 77,009,899 states left on queue.
Progress(21) at 2026-07-25 22:57:41: 715,423,586 states generated (3,231,473 s/min), 143,756,671 distinct states found (686,916 ds/min), 77,373,667 states left on queue.
Progress(21) at 2026-07-25 22:58:41: 718,476,745 states generated (3,053,159 s/min), 144,313,460 distinct states found (556,789 ds/min), 77,625,139 states left on queue.
Progress(21) at 2026-07-25 22:59:41: 721,669,489 states generated (3,192,744 s/min), 144,951,326 distinct states found (637,866 ds/min), 77,943,732 states left on queue.
Progress(21) at 2026-07-25 23:00:41: 724,899,666 states generated (3,230,177 s/min), 145,526,194 distinct states found (574,868 ds/min), 78,195,581 states left on queue.
Progress(21) at 2026-07-25 23:01:41: 728,174,833 states generated (3,275,167 s/min), 146,166,870 distinct states found (640,676 ds/min), 78,508,671 states left on queue.
Progress(21) at 2026-07-25 23:02:41: 731,452,461 states generated (3,277,628 s/min), 146,789,937 distinct states found (623,067 ds/min), 78,803,976 states left on queue.
Progress(21) at 2026-07-25 23:03:41: 734,738,738 states generated (3,286,277 s/min), 147,375,038 distinct states found (585,101 ds/min), 79,060,351 states left on queue.
Progress(21) at 2026-07-25 23:04:41: 738,042,195 states generated (3,303,457 s/min), 147,914,339 distinct states found (539,301 ds/min), 79,269,292 states left on queue.
Progress(21) at 2026-07-25 23:05:41: 741,303,257 states generated (3,261,062 s/min), 148,440,507 distinct states found (526,168 ds/min), 79,469,357 states left on queue.
Progress(21) at 2026-07-25 23:06:41: 744,606,831 states generated (3,303,574 s/min), 148,921,440 distinct states found (480,933 ds/min), 79,619,930 states left on queue.
Progress(21) at 2026-07-25 23:07:41: 747,945,602 states generated (3,338,771 s/min), 149,522,031 distinct states found (600,591 ds/min), 79,886,644 states left on queue.
Progress(21) at 2026-07-25 23:08:41: 751,214,384 states generated (3,268,782 s/min), 150,049,379 distinct states found (527,348 ds/min), 80,087,083 states left on queue.
Progress(21) at 2026-07-25 23:09:41: 754,469,438 states generated (3,255,054 s/min), 150,530,531 distinct states found (481,152 ds/min), 80,242,717 states left on queue.
Progress(21) at 2026-07-25 23:10:41: 757,715,090 states generated (3,245,652 s/min), 151,185,613 distinct states found (655,082 ds/min), 80,573,233 states left on queue.
Progress(21) at 2026-07-25 23:11:41: 761,021,052 states generated (3,305,962 s/min), 151,791,504 distinct states found (605,891 ds/min), 80,848,527 states left on queue.
Progress(21) at 2026-07-25 23:12:41: 764,358,900 states generated (3,337,848 s/min), 152,338,169 distinct states found (546,665 ds/min), 81,061,405 states left on queue.
Progress(21) at 2026-07-25 23:13:41: 767,677,584 states generated (3,318,684 s/min), 152,934,129 distinct states found (595,960 ds/min), 81,325,495 states left on queue.
Progress(21) at 2026-07-25 23:14:41: 770,949,837 states generated (3,272,253 s/min), 153,478,053 distinct states found (543,924 ds/min), 81,542,193 states left on queue.
Progress(21) at 2026-07-25 23:15:41: 774,230,831 states generated (3,280,994 s/min), 153,956,632 distinct states found (478,579 ds/min), 81,692,672 states left on queue.
Progress(21) at 2026-07-25 23:16:41: 777,519,673 states generated (3,288,842 s/min), 154,500,229 distinct states found (543,597 ds/min), 81,907,383 states left on queue.
Progress(21) at 2026-07-25 23:17:41: 780,841,511 states generated (3,321,838 s/min), 154,999,367 distinct states found (499,138 ds/min), 82,074,338 states left on queue.
Checkpointing of run states/26-07-25-19-18-36
Checkpointing completed at (2026-07-25 23:18:41)
Progress(21) at 2026-07-25 23:18:41: 784,131,289 states generated (3,289,778 s/min), 155,483,365 distinct states found (483,998 ds/min), 82,229,358 states left on queue.
Progress(21) at 2026-07-25 23:19:41: 787,390,917 states generated (3,259,628 s/min), 156,024,086 distinct states found (540,721 ds/min), 82,444,117 states left on queue.
Progress(21) at 2026-07-25 23:20:41: 790,633,147 states generated (3,242,230 s/min), 156,503,639 distinct states found (479,553 ds/min), 82,599,446 states left on queue.
Progress(21) at 2026-07-25 23:21:41: 793,899,103 states generated (3,265,956 s/min), 156,982,407 distinct states found (478,768 ds/min), 82,751,618 states left on queue.
Progress(21) at 2026-07-25 23:22:41: 797,128,064 states generated (3,228,961 s/min), 157,400,313 distinct states found (417,906 ds/min), 82,841,079 states left on queue.
Progress(21) at 2026-07-25 23:23:41: 800,318,330 states generated (3,190,266 s/min), 158,198,952 distinct states found (798,639 ds/min), 83,285,247 states left on queue.
Progress(21) at 2026-07-25 23:24:41: 803,656,550 states generated (3,338,220 s/min), 159,022,803 distinct states found (823,851 ds/min), 83,739,274 states left on queue.
Progress(21) at 2026-07-25 23:25:41: 806,957,014 states generated (3,300,464 s/min), 159,777,292 distinct states found (754,489 ds/min), 84,127,047 states left on queue.
Progress(21) at 2026-07-25 23:26:41: 810,191,727 states generated (3,234,713 s/min), 160,510,196 distinct states found (732,904 ds/min), 84,500,541 states left on queue.
Progress(21) at 2026-07-25 23:27:41: 813,466,712 states generated (3,274,985 s/min), 161,202,443 distinct states found (692,247 ds/min), 84,828,898 states left on queue.
Progress(21) at 2026-07-25 23:28:41: 816,784,732 states generated (3,318,020 s/min), 161,829,099 distinct states found (626,656 ds/min), 85,086,886 states left on queue.
Progress(21) at 2026-07-25 23:29:41: 820,106,671 states generated (3,321,939 s/min), 162,425,960 distinct states found (596,861 ds/min), 85,314,643 states left on queue.
Progress(21) at 2026-07-25 23:30:41: 823,413,957 states generated (3,307,286 s/min), 163,084,485 distinct states found (658,525 ds/min), 85,605,692 states left on queue.
Progress(21) at 2026-07-25 23:31:41: 826,720,890 states generated (3,306,933 s/min), 163,896,098 distinct states found (811,613 ds/min), 86,049,870 states left on queue.
Progress(21) at 2026-07-25 23:32:41: 830,082,043 states generated (3,361,153 s/min), 164,593,200 distinct states found (697,102 ds/min), 86,373,511 states left on queue.
Progress(21) at 2026-07-25 23:33:41: 833,385,162 states generated (3,303,119 s/min), 165,301,225 distinct states found (708,025 ds/min), 86,714,519 states left on queue.
Progress(21) at 2026-07-25 23:34:41: 836,646,937 states generated (3,261,775 s/min), 165,952,926 distinct states found (651,701 ds/min), 87,003,804 states left on queue.
Progress(21) at 2026-07-25 23:35:41: 840,012,359 states generated (3,365,422 s/min), 166,574,201 distinct states found (621,275 ds/min), 87,251,047 states left on queue.
Progress(21) at 2026-07-25 23:36:41: 843,357,392 states generated (3,345,033 s/min), 167,219,837 distinct states found (645,636 ds/min), 87,525,008 states left on queue.
Progress(21) at 2026-07-25 23:37:41: 846,683,246 states generated (3,325,854 s/min), 167,939,175 distinct states found (719,338 ds/min), 87,874,806 states left on queue.
Progress(21) at 2026-07-25 23:38:41: 850,017,043 states generated (3,333,797 s/min), 168,605,091 distinct states found (665,916 ds/min), 88,170,302 states left on queue.
Progress(21) at 2026-07-25 23:39:41: 853,336,067 states generated (3,319,024 s/min), 169,290,897 distinct states found (685,806 ds/min), 88,487,327 states left on queue.
Progress(21) at 2026-07-25 23:40:41: 856,647,350 states generated (3,311,283 s/min), 169,948,891 distinct states found (657,994 ds/min), 88,777,391 states left on queue.
Progress(21) at 2026-07-25 23:41:41: 859,949,964 states generated (3,302,614 s/min), 170,586,381 distinct states found (637,490 ds/min), 89,047,926 states left on queue.
Progress(21) at 2026-07-25 23:42:41: 863,357,888 states generated (3,407,924 s/min), 171,242,660 distinct states found (656,279 ds/min), 89,325,546 states left on queue.
Progress(21) at 2026-07-25 23:43:41: 866,755,026 states generated (3,397,138 s/min), 171,876,608 distinct states found (633,948 ds/min), 89,582,033 states left on queue.
Progress(21) at 2026-07-25 23:44:41: 870,106,364 states generated (3,351,338 s/min), 172,472,562 distinct states found (595,954 ds/min), 89,805,618 states left on queue.
Progress(21) at 2026-07-25 23:45:41: 873,472,445 states generated (3,366,081 s/min), 173,045,769 distinct states found (573,207 ds/min), 90,004,814 states left on queue.
Progress(21) at 2026-07-25 23:46:41: 876,773,032 states generated (3,300,587 s/min), 173,642,140 distinct states found (596,371 ds/min), 90,234,455 states left on queue.
Progress(21) at 2026-07-25 23:47:41: 880,148,327 states generated (3,375,295 s/min), 174,184,061 distinct states found (541,921 ds/min), 90,401,341 states left on queue.
Checkpointing of run states/26-07-25-19-18-36
Checkpointing completed at (2026-07-25 23:48:41)
Progress(21) at 2026-07-25 23:48:41: 883,492,645 states generated (3,344,318 s/min), 174,791,027 distinct states found (606,966 ds/min), 90,636,718 states left on queue.
Progress(21) at 2026-07-25 23:49:41: 886,786,935 states generated (3,294,290 s/min), 175,383,768 distinct states found (592,741 ds/min), 90,863,425 states left on queue.
Progress(21) at 2026-07-25 23:50:41: 890,092,436 states generated (3,305,501 s/min), 175,893,288 distinct states found (509,520 ds/min), 91,005,667 states left on queue.
Progress(21) at 2026-07-25 23:51:41: 893,369,380 states generated (3,276,944 s/min), 176,458,192 distinct states found (564,904 ds/min), 91,206,464 states left on queue.
Progress(21) at 2026-07-25 23:52:41: 896,653,563 states generated (3,284,183 s/min), 177,022,554 distinct states found (564,362 ds/min), 91,405,917 states left on queue.
Progress(21) at 2026-07-25 23:53:41: 900,015,077 states generated (3,361,514 s/min), 177,677,070 distinct states found (654,516 ds/min), 91,686,932 states left on queue.
Progress(21) at 2026-07-25 23:54:41: 903,409,537 states generated (3,394,460 s/min), 178,260,233 distinct states found (583,163 ds/min), 91,892,932 states left on queue.
Progress(21) at 2026-07-25 23:55:41: 906,752,427 states generated (3,342,890 s/min), 178,874,646 distinct states found (614,413 ds/min), 92,135,913 states left on queue.
Progress(21) at 2026-07-25 23:56:41: 910,091,063 states generated (3,338,636 s/min), 179,445,768 distinct states found (571,122 ds/min), 92,336,076 states left on queue.
Progress(21) at 2026-07-25 23:57:41: 913,425,312 states generated (3,334,249 s/min), 180,051,842 distinct states found (606,074 ds/min), 92,571,677 states left on queue.
Progress(21) at 2026-07-25 23:58:41: 916,769,388 states generated (3,344,076 s/min), 180,616,747 distinct states found (564,905 ds/min), 92,765,017 states left on queue.
Progress(21) at 2026-07-25 23:59:41: 920,083,008 states generated (3,313,620 s/min), 181,153,425 distinct states found (536,678 ds/min), 92,933,517 states left on queue.
Progress(21) at 2026-07-26 00:00:41: 923,395,913 states generated (3,312,905 s/min), 181,711,836 distinct states found (558,411 ds/min), 93,123,827 states left on queue.
Progress(21) at 2026-07-26 00:01:41: 926,690,731 states generated (3,294,818 s/min), 182,230,363 distinct states found (518,527 ds/min), 93,276,265 states left on queue.
Progress(21) at 2026-07-26 00:02:41: 930,002,145 states generated (3,311,414 s/min), 182,732,402 distinct states found (502,039 ds/min), 93,414,078 states left on queue.
Progress(21) at 2026-07-26 00:03:41: 933,317,828 states generated (3,315,683 s/min), 183,253,575 distinct states found (521,173 ds/min), 93,568,012 states left on queue.
Progress(21) at 2026-07-26 00:04:41: 936,629,958 states generated (3,312,130 s/min), 183,766,021 distinct states found (512,446 ds/min), 93,712,658 states left on queue.
Progress(21) at 2026-07-26 00:05:41: 939,759,505 states generated (3,129,547 s/min), 184,243,580 distinct states found (477,559 ds/min), 93,842,552 states left on queue.
Progress(21) at 2026-07-26 00:06:41: 942,978,193 states generated (3,218,688 s/min), 184,726,971 distinct states found (483,391 ds/min), 93,968,315 states left on queue.
Progress(21) at 2026-07-26 00:07:41: 946,176,089 states generated (3,197,896 s/min), 185,202,204 distinct states found (475,233 ds/min), 94,088,228 states left on queue.
Progress(21) at 2026-07-26 00:08:41: 949,497,212 states generated (3,321,123 s/min), 185,649,038 distinct states found (446,834 ds/min), 94,166,047 states left on queue.
Progress(21) at 2026-07-26 00:09:41: 952,699,193 states generated (3,201,981 s/min), 186,102,713 distinct states found (453,675 ds/min), 94,265,188 states left on queue.
Progress(21) at 2026-07-26 00:10:41: 955,997,013 states generated (3,297,820 s/min), 186,590,975 distinct states found (488,262 ds/min), 94,414,460 states left on queue.
Progress(21) at 2026-07-26 00:11:41: 959,368,087 states generated (3,371,074 s/min), 187,065,682 distinct states found (474,707 ds/min), 94,536,929 states left on queue.
Progress(21) at 2026-07-26 00:12:41: 962,719,161 states generated (3,351,074 s/min), 187,564,423 distinct states found (498,741 ds/min), 94,691,306 states left on queue.
Progress(21) at 2026-07-26 00:13:41: 966,033,783 states generated (3,314,622 s/min), 187,980,910 distinct states found (416,487 ds/min), 94,767,727 states left on queue.
Progress(21) at 2026-07-26 00:14:41: 969,160,156 states generated (3,126,373 s/min), 188,715,966 distinct states found (735,056 ds/min), 95,215,806 states left on queue.
Progress(21) at 2026-07-26 00:15:41: 972,291,179 states generated (3,131,023 s/min), 189,284,652 distinct states found (568,686 ds/min), 95,492,699 states left on queue.
Progress(21) at 2026-07-26 00:16:41: 975,629,424 states generated (3,338,245 s/min), 189,757,775 distinct states found (473,123 ds/min), 95,651,367 states left on queue.
Progress(21) at 2026-07-26 00:17:41: 979,061,255 states generated (3,431,831 s/min), 190,323,369 distinct states found (565,594 ds/min), 95,840,854 states left on queue.
Checkpointing of run states/26-07-25-19-18-36
Checkpointing completed at (2026-07-26 00:18:41)
Progress(21) at 2026-07-26 00:18:41: 982,385,539 states generated (3,324,284 s/min), 190,885,078 distinct states found (561,709 ds/min), 96,033,198 states left on queue.
Progress(21) at 2026-07-26 00:19:41: 985,613,800 states generated (3,228,261 s/min), 191,439,054 distinct states found (553,976 ds/min), 96,228,477 states left on queue.
Progress(21) at 2026-07-26 00:20:41: 988,904,382 states generated (3,290,582 s/min), 191,933,197 distinct states found (494,143 ds/min), 96,357,002 states left on queue.
Progress(21) at 2026-07-26 00:21:41: 992,037,778 states generated (3,133,396 s/min), 192,409,139 distinct states found (475,942 ds/min), 96,487,199 states left on queue.
Progress(21) at 2026-07-26 00:22:41: 995,440,665 states generated (3,402,887 s/min), 192,894,738 distinct states found (485,599 ds/min), 96,598,546 states left on queue.
Progress(21) at 2026-07-26 00:23:41: 998,901,101 states generated (3,460,436 s/min), 193,415,957 distinct states found (521,219 ds/min), 96,736,511 states left on queue.
Progress(21) at 2026-07-26 00:24:41: 1,002,234,414 states generated (3,333,313 s/min), 193,819,752 distinct states found (403,795 ds/min), 96,779,821 states left on queue.
Progress(21) at 2026-07-26 00:25:41: 1,005,529,453 states generated (3,295,039 s/min), 194,364,655 distinct states found (544,903 ds/min), 96,958,607 states left on queue.
Progress(21) at 2026-07-26 00:26:41: 1,008,893,849 states generated (3,364,396 s/min), 194,875,706 distinct states found (511,051 ds/min), 97,095,837 states left on queue.
Progress(21) at 2026-07-26 00:27:41: 1,012,294,171 states generated (3,400,322 s/min), 195,395,353 distinct states found (519,647 ds/min), 97,237,671 states left on queue.
Progress(21) at 2026-07-26 00:28:41: 1,015,743,257 states generated (3,449,086 s/min), 195,875,059 distinct states found (479,706 ds/min), 97,334,144 states left on queue.
Progress(21) at 2026-07-26 00:29:41: 1,019,148,857 states generated (3,405,600 s/min), 196,391,692 distinct states found (516,633 ds/min), 97,472,378 states left on queue.
Progress(21) at 2026-07-26 00:30:41: 1,022,566,600 states generated (3,417,743 s/min), 196,846,677 distinct states found (454,985 ds/min), 97,547,612 states left on queue.
Progress(21) at 2026-07-26 00:31:41: 1,025,922,966 states generated (3,356,366 s/min), 197,307,272 distinct states found (460,595 ds/min), 97,635,278 states left on queue.
Progress(21) at 2026-07-26 00:32:41: 1,029,238,328 states generated (3,315,362 s/min), 197,818,568 distinct states found (511,296 ds/min), 97,778,200 states left on queue.
Progress(21) at 2026-07-26 00:33:41: 1,032,533,460 states generated (3,295,132 s/min), 198,293,693 distinct states found (475,125 ds/min), 97,887,200 states left on queue.
Progress(21) at 2026-07-26 00:34:41: 1,035,894,187 states generated (3,360,727 s/min), 198,732,557 distinct states found (438,864 ds/min), 97,952,650 states left on queue.
Progress(21) at 2026-07-26 00:35:41: 1,039,266,393 states generated (3,372,206 s/min), 199,176,925 distinct states found (444,368 ds/min), 98,022,328 states left on queue.
Progress(21) at 2026-07-26 00:36:41: 1,042,613,131 states generated (3,346,738 s/min), 199,588,896 distinct states found (411,971 ds/min), 98,062,438 states left on queue.
Progress(21) at 2026-07-26 00:37:41: 1,045,959,534 states generated (3,346,403 s/min), 200,061,088 distinct states found (472,192 ds/min), 98,162,809 states left on queue.
Progress(21) at 2026-07-26 00:38:41: 1,049,171,395 states generated (3,211,861 s/min), 200,502,173 distinct states found (441,085 ds/min), 98,246,912 states left on queue.
Progress(21) at 2026-07-26 00:39:41: 1,052,518,076 states generated (3,346,681 s/min), 200,904,883 distinct states found (402,710 ds/min), 98,277,769 states left on queue.
Progress(21) at 2026-07-26 00:40:41: 1,055,891,709 states generated (3,373,633 s/min), 201,399,330 distinct states found (494,447 ds/min), 98,397,347 states left on queue.
Progress(21) at 2026-07-26 00:41:41: 1,059,269,404 states generated (3,377,695 s/min), 201,839,990 distinct states found (440,660 ds/min), 98,462,687 states left on queue.
Progress(21) at 2026-07-26 00:42:41: 1,062,680,490 states generated (3,411,086 s/min), 202,257,835 distinct states found (417,845 ds/min), 98,501,520 states left on queue.
Progress(21) at 2026-07-26 00:43:41: 1,066,041,696 states generated (3,361,206 s/min), 202,869,707 distinct states found (611,872 ds/min), 98,739,923 states left on queue.
Progress(21) at 2026-07-26 00:44:41: 1,069,407,769 states generated (3,366,073 s/min), 203,684,118 distinct states found (814,411 ds/min), 99,180,326 states left on queue.
Progress(21) at 2026-07-26 00:45:41: 1,072,781,489 states generated (3,373,720 s/min), 204,480,772 distinct states found (796,654 ds/min), 99,602,123 states left on queue.
Progress(21) at 2026-07-26 00:46:41: 1,076,120,592 states generated (3,339,103 s/min), 205,181,359 distinct states found (700,587 ds/min), 99,931,698 states left on queue.
Progress(21) at 2026-07-26 00:47:41: 1,079,437,234 states generated (3,316,642 s/min), 205,874,855 distinct states found (693,496 ds/min), 100,256,680 states left on queue.
Checkpointing of run states/26-07-25-19-18-36
Checkpointing completed at (2026-07-26 00:48:41)
Progress(21) at 2026-07-26 00:48:41: 1,082,739,268 states generated (3,302,034 s/min), 206,527,756 distinct states found (652,901 ds/min), 100,542,688 states left on queue.
Progress(21) at 2026-07-26 00:49:41: 1,085,924,875 states generated (3,185,607 s/min), 207,076,549 distinct states found (548,793 ds/min), 100,737,524 states left on queue.
Progress(21) at 2026-07-26 00:50:41: 1,089,262,733 states generated (3,337,858 s/min), 207,733,659 distinct states found (657,110 ds/min), 101,023,759 states left on queue.
Progress(21) at 2026-07-26 00:51:41: 1,092,676,614 states generated (3,413,881 s/min), 208,441,670 distinct states found (708,011 ds/min), 101,352,451 states left on queue.
Progress(21) at 2026-07-26 00:52:41: 1,096,088,300 states generated (3,411,686 s/min), 209,137,612 distinct states found (695,942 ds/min), 101,669,316 states left on queue.
Progress(21) at 2026-07-26 00:53:41: 1,099,433,492 states generated (3,345,192 s/min), 209,728,273 distinct states found (590,661 ds/min), 101,888,289 states left on queue.
Progress(21) at 2026-07-26 00:54:41: 1,102,867,760 states generated (3,434,268 s/min), 210,333,491 distinct states found (605,218 ds/min), 102,111,922 states left on queue.
Progress(21) at 2026-07-26 00:55:41: 1,106,327,971 states generated (3,460,211 s/min), 210,872,399 distinct states found (538,908 ds/min), 102,266,363 states left on queue.
Progress(21) at 2026-07-26 00:56:41: 1,109,676,522 states generated (3,348,551 s/min), 211,546,106 distinct states found (673,707 ds/min), 102,568,008 states left on queue.
Progress(21) at 2026-07-26 00:57:41: 1,113,071,131 states generated (3,394,609 s/min), 212,164,653 distinct states found (618,547 ds/min), 102,809,375 states left on queue.
Progress(21) at 2026-07-26 00:58:41: 1,116,492,830 states generated (3,421,699 s/min), 212,806,749 distinct states found (642,096 ds/min), 103,071,284 states left on queue.
Progress(21) at 2026-07-26 00:59:41: 1,119,846,453 states generated (3,353,623 s/min), 213,399,901 distinct states found (593,152 ds/min), 103,291,809 states left on queue.
Progress(21) at 2026-07-26 01:00:41: 1,123,226,976 states generated (3,380,523 s/min), 213,955,459 distinct states found (555,558 ds/min), 103,471,754 states left on queue.
Progress(21) at 2026-07-26 01:01:41: 1,126,616,076 states generated (3,389,100 s/min), 214,471,793 distinct states found (516,334 ds/min), 103,611,523 states left on queue.
Progress(21) at 2026-07-26 01:02:41: 1,129,985,975 states generated (3,369,899 s/min), 215,045,687 distinct states found (573,894 ds/min), 103,810,984 states left on queue.
Progress(21) at 2026-07-26 01:03:41: 1,133,354,938 states generated (3,368,963 s/min), 215,571,357 distinct states found (525,670 ds/min), 103,962,325 states left on queue.
Progress(21) at 2026-07-26 01:04:41: 1,136,738,750 states generated (3,383,812 s/min), 216,181,388 distinct states found (610,031 ds/min), 104,196,376 states left on queue.
Progress(21) at 2026-07-26 01:05:41: 1,140,093,526 states generated (3,354,776 s/min), 216,729,284 distinct states found (547,896 ds/min), 104,371,519 states left on queue.
Progress(21) at 2026-07-26 01:06:41: 1,143,395,405 states generated (3,301,879 s/min), 217,239,322 distinct states found (510,038 ds/min), 104,514,682 states left on queue.
Progress(21) at 2026-07-26 01:07:41: 1,146,717,558 states generated (3,322,153 s/min), 217,734,091 distinct states found (494,769 ds/min), 104,640,324 states left on queue.
Progress(21) at 2026-07-26 01:08:41: 1,149,964,475 states generated (3,246,917 s/min), 218,236,487 distinct states found (502,396 ds/min), 104,781,949 states left on queue.
Progress(21) at 2026-07-26 01:09:41: 1,153,303,007 states generated (3,338,532 s/min), 218,705,528 distinct states found (469,041 ds/min), 104,880,041 states left on queue.
Progress(21) at 2026-07-26 01:10:41: 1,156,639,959 states generated (3,336,952 s/min), 219,213,035 distinct states found (507,507 ds/min), 105,016,777 states left on queue.
Progress(21) at 2026-07-26 01:11:41: 1,159,974,789 states generated (3,334,830 s/min), 219,690,911 distinct states found (477,876 ds/min), 105,124,115 states left on queue.
Progress(21) at 2026-07-26 01:12:41: 1,163,358,780 states generated (3,383,991 s/min), 220,158,315 distinct states found (467,404 ds/min), 105,215,522 states left on queue.
Progress(22) at 2026-07-26 01:13:41: 1,166,738,404 states generated (3,379,624 s/min), 220,602,056 distinct states found (443,741 ds/min), 105,282,931 states left on queue.
Progress(22) at 2026-07-26 01:14:41: 1,170,137,116 states generated (3,398,712 s/min), 221,023,855 distinct states found (421,799 ds/min), 105,326,807 states left on queue.
Progress(22) at 2026-07-26 01:15:41: 1,173,535,627 states generated (3,398,511 s/min), 221,418,865 distinct states found (395,010 ds/min), 105,344,114 states left on queue.
Progress(22) at 2026-07-26 01:16:41: 1,177,013,597 states generated (3,477,970 s/min), 221,862,320 distinct states found (443,455 ds/min), 105,401,122 states left on queue.
Progress(22) at 2026-07-26 01:17:41: 1,180,446,372 states generated (3,432,775 s/min), 222,336,939 distinct states found (474,619 ds/min), 105,494,322 states left on queue.
Checkpointing of run states/26-07-25-19-18-36
Checkpointing completed at (2026-07-26 01:18:42)
Progress(22) at 2026-07-26 01:18:42: 1,183,850,008 states generated (3,403,636 s/min), 222,827,115 distinct states found (490,176 ds/min), 105,606,306 states left on queue.
Progress(22) at 2026-07-26 01:19:42: 1,187,239,309 states generated (3,389,301 s/min), 223,252,522 distinct states found (425,407 ds/min), 105,655,123 states left on queue.
Progress(22) at 2026-07-26 01:20:42: 1,190,612,288 states generated (3,372,979 s/min), 223,667,206 distinct states found (414,684 ds/min), 105,695,030 states left on queue.
Progress(22) at 2026-07-26 01:21:42: 1,193,990,184 states generated (3,377,896 s/min), 224,046,245 distinct states found (379,039 ds/min), 105,698,749 states left on queue.
Progress(22) at 2026-07-26 01:22:42: 1,197,351,660 states generated (3,361,476 s/min), 224,757,511 distinct states found (711,266 ds/min), 106,036,516 states left on queue.
Progress(22) at 2026-07-26 01:23:42: 1,200,652,757 states generated (3,301,097 s/min), 225,415,709 distinct states found (658,198 ds/min), 106,327,926 states left on queue.
Progress(22) at 2026-07-26 01:24:42: 1,204,044,661 states generated (3,391,904 s/min), 225,945,174 distinct states found (529,465 ds/min), 106,480,510 states left on queue.
Progress(22) at 2026-07-26 01:25:42: 1,207,469,130 states generated (3,424,469 s/min), 226,575,357 distinct states found (630,183 ds/min), 106,730,200 states left on queue.
Progress(22) at 2026-07-26 01:26:42: 1,210,899,511 states generated (3,430,381 s/min), 227,096,695 distinct states found (521,338 ds/min), 106,870,383 states left on queue.
Progress(22) at 2026-07-26 01:27:42: 1,214,267,639 states generated (3,368,128 s/min), 227,597,011 distinct states found (500,316 ds/min), 106,996,462 states left on queue.
Progress(22) at 2026-07-26 01:28:42: 1,217,631,269 states generated (3,363,630 s/min), 228,076,347 distinct states found (479,336 ds/min), 107,102,063 states left on queue.
Progress(22) at 2026-07-26 01:29:42: 1,220,977,759 states generated (3,346,490 s/min), 228,497,118 distinct states found (420,771 ds/min), 107,151,542 states left on queue.
Progress(22) at 2026-07-26 01:30:42: 1,224,379,535 states generated (3,401,776 s/min), 228,880,992 distinct states found (383,874 ds/min), 107,157,789 states left on queue.
Progress(22) at 2026-07-26 01:31:42: 1,227,757,894 states generated (3,378,359 s/min), 229,451,361 distinct states found (570,369 ds/min), 107,368,089 states left on queue.
Progress(22) at 2026-07-26 01:32:42: 1,231,124,710 states generated (3,366,816 s/min), 230,309,352 distinct states found (857,991 ds/min), 107,888,323 states left on queue.
Progress(22) at 2026-07-26 01:33:42: 1,234,498,017 states generated (3,373,307 s/min), 231,027,582 distinct states found (718,230 ds/min), 108,268,937 states left on queue.
Progress(22) at 2026-07-26 01:34:42: 1,237,813,640 states generated (3,315,623 s/min), 231,726,282 distinct states found (698,700 ds/min), 108,635,793 states left on queue.
Progress(22) at 2026-07-26 01:35:42: 1,241,086,237 states generated (3,272,597 s/min), 232,393,307 distinct states found (667,025 ds/min), 108,974,979 states left on queue.
Progress(22) at 2026-07-26 01:36:42: 1,244,390,361 states generated (3,304,124 s/min), 233,030,862 distinct states found (637,555 ds/min), 109,281,532 states left on queue.
Progress(22) at 2026-07-26 01:37:42: 1,247,750,880 states generated (3,360,519 s/min), 233,587,496 distinct states found (556,634 ds/min), 109,502,115 states left on queue.
Progress(22) at 2026-07-26 01:38:42: 1,251,155,103 states generated (3,404,223 s/min), 234,358,199 distinct states found (770,703 ds/min), 109,932,398 states left on queue.
Progress(22) at 2026-07-26 01:39:42: 1,254,604,715 states generated (3,449,612 s/min), 234,986,028 distinct states found (627,829 ds/min), 110,213,151 states left on queue.
Progress(22) at 2026-07-26 01:40:42: 1,257,980,788 states generated (3,376,073 s/min), 235,614,735 distinct states found (628,707 ds/min), 110,503,512 states left on queue.
Progress(22) at 2026-07-26 01:41:42: 1,261,281,567 states generated (3,300,779 s/min), 236,269,303 distinct states found (654,568 ds/min), 110,828,004 states left on queue.
Progress(22) at 2026-07-26 01:42:42: 1,264,623,170 states generated (3,341,603 s/min), 236,901,657 distinct states found (632,354 ds/min), 111,124,976 states left on queue.
Progress(22) at 2026-07-26 01:43:42: 1,267,885,849 states generated (3,262,679 s/min), 237,520,470 distinct states found (618,813 ds/min), 111,417,514 states left on queue.
Progress(22) at 2026-07-26 01:44:42: 1,271,215,077 states generated (3,329,228 s/min), 238,046,562 distinct states found (526,092 ds/min), 111,610,630 states left on queue.
Progress(22) at 2026-07-26 01:45:42: 1,274,568,458 states generated (3,353,381 s/min), 238,529,002 distinct states found (482,440 ds/min), 111,754,408 states left on queue.
Progress(22) at 2026-07-26 01:46:42: 1,277,972,159 states generated (3,403,701 s/min), 239,129,360 distinct states found (600,358 ds/min), 112,014,213 states left on queue.
Progress(22) at 2026-07-26 01:47:42: 1,281,388,610 states generated (3,416,451 s/min), 239,828,839 distinct states found (699,479 ds/min), 112,372,005 states left on queue.
Checkpointing of run states/26-07-25-19-18-36
Checkpointing completed at (2026-07-26 01:48:42)
Progress(22) at 2026-07-26 01:48:42: 1,284,840,401 states generated (3,451,791 s/min), 240,401,059 distinct states found (572,220 ds/min), 112,599,032 states left on queue.
Progress(22) at 2026-07-26 01:49:42: 1,288,282,508 states generated (3,442,107 s/min), 240,977,364 distinct states found (576,305 ds/min), 112,831,121 states left on queue.
Progress(22) at 2026-07-26 01:50:42: 1,291,646,308 states generated (3,363,800 s/min), 241,517,042 distinct states found (539,678 ds/min), 113,034,419 states left on queue.
Progress(22) at 2026-07-26 01:51:42: 1,295,037,864 states generated (3,391,556 s/min), 241,974,726 distinct states found (457,684 ds/min), 113,152,909 states left on queue.
Progress(22) at 2026-07-26 01:52:42: 1,298,455,145 states generated (3,417,281 s/min), 242,487,855 distinct states found (513,129 ds/min), 113,324,302 states left on queue.
Progress(22) at 2026-07-26 01:53:42: 1,301,851,716 states generated (3,396,571 s/min), 242,905,575 distinct states found (417,720 ds/min), 113,385,557 states left on queue.
Progress(22) at 2026-07-26 01:54:42: 1,305,190,060 states generated (3,338,344 s/min), 243,403,693 distinct states found (498,118 ds/min), 113,545,620 states left on queue.
Progress(22) at 2026-07-26 01:55:42: 1,308,563,120 states generated (3,373,060 s/min), 243,824,192 distinct states found (420,499 ds/min), 113,620,619 states left on queue.
Progress(22) at 2026-07-26 01:56:42: 1,311,910,734 states generated (3,347,614 s/min), 244,503,984 distinct states found (679,792 ds/min), 113,933,994 states left on queue.
Progress(22) at 2026-07-26 01:57:42: 1,315,259,171 states generated (3,348,437 s/min), 245,350,077 distinct states found (846,093 ds/min), 114,408,039 states left on queue.
Progress(22) at 2026-07-26 01:58:42: 1,318,628,987 states generated (3,369,816 s/min), 246,123,819 distinct states found (773,742 ds/min), 114,807,354 states left on queue.
Progress(22) at 2026-07-26 01:59:42: 1,321,944,460 states generated (3,315,473 s/min), 246,849,933 distinct states found (726,114 ds/min), 115,165,084 states left on queue.
Progress(22) at 2026-07-26 02:00:42: 1,325,308,353 states generated (3,363,893 s/min), 247,508,569 distinct states found (658,636 ds/min), 115,449,954 states left on queue.
Progress(22) at 2026-07-26 02:01:42: 1,328,662,767 states generated (3,354,414 s/min), 248,202,540 distinct states found (693,971 ds/min), 115,771,210 states left on queue.
Progress(22) at 2026-07-26 02:02:42: 1,332,028,177 states generated (3,365,410 s/min), 248,804,619 distinct states found (602,079 ds/min), 115,999,357 states left on queue.
Progress(22) at 2026-07-26 02:03:42: 1,335,418,823 states generated (3,390,646 s/min), 249,495,551 distinct states found (690,932 ds/min), 116,313,549 states left on queue.
Progress(22) at 2026-07-26 02:04:42: 1,338,865,097 states generated (3,446,274 s/min), 250,134,735 distinct states found (639,184 ds/min), 116,569,815 states left on queue.
Progress(22) at 2026-07-26 02:05:42: 1,342,202,036 states generated (3,336,939 s/min), 250,858,596 distinct states found (723,861 ds/min), 116,922,904 states left on queue.
Progress(22) at 2026-07-26 02:06:42: 1,345,541,366 states generated (3,339,330 s/min), 251,560,549 distinct states found (701,953 ds/min), 117,253,822 states left on queue.
Progress(22) at 2026-07-26 02:07:42: 1,348,907,551 states generated (3,366,185 s/min), 252,195,354 distinct states found (634,805 ds/min), 117,514,606 states left on queue.
Progress(22) at 2026-07-26 02:08:42: 1,352,335,329 states generated (3,427,778 s/min), 252,787,560 distinct states found (592,206 ds/min), 117,725,947 states left on queue.
Progress(22) at 2026-07-26 02:09:42: 1,355,694,680 states generated (3,359,351 s/min), 253,461,870 distinct states found (674,310 ds/min), 118,026,996 states left on queue.
Progress(22) at 2026-07-26 02:10:42: 1,359,031,081 states generated (3,336,401 s/min), 254,127,560 distinct states found (665,690 ds/min), 118,321,975 states left on queue.
Progress(22) at 2026-07-26 02:11:42: 1,362,372,091 states generated (3,341,010 s/min), 254,752,316 distinct states found (624,756 ds/min), 118,575,508 states left on queue.
Progress(22) at 2026-07-26 02:12:42: 1,365,737,616 states generated (3,365,525 s/min), 255,343,452 distinct states found (591,136 ds/min), 118,792,697 states left on queue.
Progress(22) at 2026-07-26 02:13:42: 1,369,071,103 states generated (3,333,487 s/min), 255,927,011 distinct states found (583,559 ds/min), 119,005,866 states left on queue.
Progress(22) at 2026-07-26 02:14:42: 1,372,457,186 states generated (3,386,083 s/min), 256,524,080 distinct states found (597,069 ds/min), 119,226,704 states left on queue.
Progress(22) at 2026-07-26 02:15:42: 1,375,876,623 states generated (3,419,437 s/min), 257,121,570 distinct states found (597,490 ds/min), 119,444,259 states left on queue.
Progress(22) at 2026-07-26 02:16:42: 1,379,264,453 states generated (3,387,830 s/min), 257,601,943 distinct states found (480,373 ds/min), 119,548,205 states left on queue.
Progress(22) at 2026-07-26 02:17:42: 1,382,592,770 states generated (3,328,317 s/min), 258,160,837 distinct states found (558,894 ds/min), 119,737,287 states left on queue.
Checkpointing of run states/26-07-25-19-18-36
Checkpointing completed at (2026-07-26 02:18:42)
Progress(22) at 2026-07-26 02:18:42: 1,386,010,363 states generated (3,417,593 s/min), 258,684,011 distinct states found (523,174 ds/min), 119,880,727 states left on queue.
Progress(22) at 2026-07-26 02:19:42: 1,389,345,064 states generated (3,334,701 s/min), 259,330,538 distinct states found (646,527 ds/min), 120,156,731 states left on queue.
Progress(22) at 2026-07-26 02:20:42: 1,392,739,747 states generated (3,394,683 s/min), 259,905,202 distinct states found (574,664 ds/min), 120,354,212 states left on queue.
Progress(22) at 2026-07-26 02:21:42: 1,396,080,431 states generated (3,340,684 s/min), 260,458,444 distinct states found (553,242 ds/min), 120,536,265 states left on queue.
Progress(22) at 2026-07-26 02:22:42: 1,399,463,662 states generated (3,383,231 s/min), 260,977,522 distinct states found (519,078 ds/min), 120,679,428 states left on queue.
Progress(22) at 2026-07-26 02:23:42: 1,402,832,916 states generated (3,369,254 s/min), 261,566,858 distinct states found (589,336 ds/min), 120,894,404 states left on queue.
Progress(22) at 2026-07-26 02:24:42: 1,406,239,845 states generated (3,406,929 s/min), 262,061,579 distinct states found (494,721 ds/min), 121,010,578 states left on queue.
Progress(22) at 2026-07-26 02:25:42: 1,409,548,003 states generated (3,308,158 s/min), 262,737,110 distinct states found (675,531 ds/min), 121,318,534 states left on queue.
Progress(22) at 2026-07-26 02:26:42: 1,412,873,306 states generated (3,325,303 s/min), 263,310,366 distinct states found (573,256 ds/min), 121,522,313 states left on queue.
Progress(22) at 2026-07-26 02:27:42: 1,416,213,628 states generated (3,340,322 s/min), 263,863,460 distinct states found (553,094 ds/min), 121,704,259 states left on queue.
Progress(22) at 2026-07-26 02:28:42: 1,419,543,726 states generated (3,330,098 s/min), 264,525,601 distinct states found (662,141 ds/min), 121,996,389 states left on queue.
Progress(22) at 2026-07-26 02:29:42: 1,422,869,594 states generated (3,325,868 s/min), 265,190,987 distinct states found (665,386 ds/min), 122,292,233 states left on queue.
Progress(22) at 2026-07-26 02:30:42: 1,426,210,306 states generated (3,340,712 s/min), 265,838,914 distinct states found (647,927 ds/min), 122,568,970 states left on queue.
Progress(22) at 2026-07-26 02:31:42: 1,429,559,134 states generated (3,348,828 s/min), 266,451,013 distinct states found (612,099 ds/min), 122,808,979 states left on queue.
Progress(22) at 2026-07-26 02:32:42: 1,432,914,804 states generated (3,355,670 s/min), 266,977,300 distinct states found (526,287 ds/min), 122,962,413 states left on queue.
Progress(22) at 2026-07-26 02:33:42: 1,436,218,172 states generated (3,303,368 s/min), 267,537,747 distinct states found (560,447 ds/min), 123,155,820 states left on queue.
Progress(22) at 2026-07-26 02:34:42: 1,439,568,880 states generated (3,350,708 s/min), 268,165,327 distinct states found (627,580 ds/min), 123,411,096 states left on queue.
Progress(22) at 2026-07-26 02:35:42: 1,442,364,339 states generated (2,795,459 s/min), 268,639,436 distinct states found (474,109 ds/min), 123,574,599 states left on queue.
Progress(22) at 2026-07-26 02:36:42: 1,445,667,223 states generated (3,302,884 s/min), 269,177,906 distinct states found (538,470 ds/min), 123,746,084 states left on queue.
Progress(22) at 2026-07-26 02:37:42: 1,449,029,773 states generated (3,362,550 s/min), 269,697,037 distinct states found (519,131 ds/min), 123,891,552 states left on queue.
Progress(22) at 2026-07-26 02:38:42: 1,452,386,368 states generated (3,356,595 s/min), 270,304,598 distinct states found (607,561 ds/min), 124,126,158 states left on queue.
Progress(22) at 2026-07-26 02:39:42: 1,455,777,003 states generated (3,390,635 s/min), 270,844,378 distinct states found (539,780 ds/min), 124,289,202 states left on queue.
Progress(22) at 2026-07-26 02:40:42: 1,459,052,011 states generated (3,275,008 s/min), 271,415,359 distinct states found (570,981 ds/min), 124,496,251 states left on queue.
Progress(22) at 2026-07-26 02:41:42: 1,462,351,579 states generated (3,299,568 s/min), 271,921,907 distinct states found (506,548 ds/min), 124,636,177 states left on queue.
Progress(22) at 2026-07-26 02:42:42: 1,465,744,550 states generated (3,392,971 s/min), 272,412,496 distinct states found (490,589 ds/min), 124,749,767 states left on queue.
Progress(22) at 2026-07-26 02:43:42: 1,469,079,844 states generated (3,335,294 s/min), 272,918,225 distinct states found (505,729 ds/min), 124,884,905 states left on queue.
Progress(22) at 2026-07-26 02:44:42: 1,472,470,675 states generated (3,390,831 s/min), 273,395,418 distinct states found (477,193 ds/min), 124,985,337 states left on queue.
Progress(22) at 2026-07-26 02:45:42: 1,475,854,906 states generated (3,384,231 s/min), 273,829,976 distinct states found (434,558 ds/min), 125,043,872 states left on queue.
Progress(22) at 2026-07-26 02:46:42: 1,479,251,721 states generated (3,396,815 s/min), 274,383,191 distinct states found (553,215 ds/min), 125,219,661 states left on queue.
Progress(22) at 2026-07-26 02:47:42: 1,482,644,649 states generated (3,392,928 s/min), 274,887,733 distinct states found (504,542 ds/min), 125,347,215 states left on queue.
Checkpointing of run states/26-07-25-19-18-36
Checkpointing completed at (2026-07-26 02:48:42)
Progress(22) at 2026-07-26 02:48:42: 1,485,970,966 states generated (3,326,317 s/min), 275,387,230 distinct states found (499,497 ds/min), 125,477,109 states left on queue.
Progress(22) at 2026-07-26 02:49:42: 1,489,356,900 states generated (3,385,934 s/min), 275,853,585 distinct states found (466,355 ds/min), 125,567,244 states left on queue.
Progress(22) at 2026-07-26 02:50:42: 1,492,749,611 states generated (3,392,711 s/min), 276,358,870 distinct states found (505,285 ds/min), 125,695,560 states left on queue.
Progress(22) at 2026-07-26 02:51:42: 1,496,129,143 states generated (3,379,532 s/min), 276,960,879 distinct states found (602,009 ds/min), 125,922,068 states left on queue.
Progress(22) at 2026-07-26 02:52:42: 1,499,516,219 states generated (3,387,076 s/min), 277,543,656 distinct states found (582,777 ds/min), 126,128,504 states left on queue.
Progress(22) at 2026-07-26 02:53:42: 1,502,884,287 states generated (3,368,068 s/min), 278,058,847 distinct states found (515,191 ds/min), 126,269,464 states left on queue.
Progress(22) at 2026-07-26 02:54:42: 1,506,285,430 states generated (3,401,143 s/min), 278,554,783 distinct states found (495,936 ds/min), 126,387,493 states left on queue.
Progress(22) at 2026-07-26 02:55:42: 1,509,675,862 states generated (3,390,432 s/min), 279,098,314 distinct states found (543,531 ds/min), 126,554,311 states left on queue.
Progress(22) at 2026-07-26 02:56:42: 1,513,060,650 states generated (3,384,788 s/min), 279,633,479 distinct states found (535,165 ds/min), 126,713,388 states left on queue.
Progress(22) at 2026-07-26 02:57:42: 1,516,443,605 states generated (3,382,955 s/min), 280,122,589 distinct states found (489,110 ds/min), 126,826,613 states left on queue.
Progress(22) at 2026-07-26 02:58:42: 1,519,835,362 states generated (3,391,757 s/min), 280,591,267 distinct states found (468,678 ds/min), 126,918,430 states left on queue.
Progress(22) at 2026-07-26 02:59:42: 1,523,191,915 states generated (3,356,553 s/min), 281,024,883 distinct states found (433,616 ds/min), 126,979,095 states left on queue.
Progress(22) at 2026-07-26 03:00:42: 1,526,540,944 states generated (3,349,029 s/min), 281,554,375 distinct states found (529,492 ds/min), 127,136,472 states left on queue.
Progress(22) at 2026-07-26 03:01:42: 1,529,938,998 states generated (3,398,054 s/min), 282,044,525 distinct states found (490,150 ds/min), 127,249,063 states left on queue.
Progress(22) at 2026-07-26 03:02:42: 1,533,355,699 states generated (3,416,701 s/min), 282,467,785 distinct states found (423,260 ds/min), 127,292,687 states left on queue.
Progress(22) at 2026-07-26 03:03:42: 1,536,714,029 states generated (3,358,330 s/min), 282,935,800 distinct states found (468,015 ds/min), 127,387,555 states left on queue.
Progress(22) at 2026-07-26 03:04:42: 1,540,074,236 states generated (3,360,207 s/min), 283,435,767 distinct states found (499,967 ds/min), 127,514,167 states left on queue.
Progress(22) at 2026-07-26 03:05:42: 1,543,408,732 states generated (3,334,496 s/min), 283,883,728 distinct states found (447,961 ds/min), 127,591,627 states left on queue.
Progress(22) at 2026-07-26 03:06:42: 1,546,786,606 states generated (3,377,874 s/min), 284,330,766 distinct states found (447,038 ds/min), 127,663,346 states left on queue.
Progress(22) at 2026-07-26 03:07:42: 1,550,168,245 states generated (3,381,639 s/min), 284,760,942 distinct states found (430,176 ds/min), 127,717,785 states left on queue.
Progress(22) at 2026-07-26 03:08:42: 1,553,566,531 states generated (3,398,286 s/min), 285,176,935 distinct states found (415,993 ds/min), 127,747,131 states left on queue.
Progress(22) at 2026-07-26 03:09:42: 1,556,907,823 states generated (3,341,292 s/min), 285,997,985 distinct states found (821,050 ds/min), 128,150,520 states left on queue.
Progress(22) at 2026-07-26 03:10:42: 1,560,276,882 states generated (3,369,059 s/min), 286,653,174 distinct states found (655,189 ds/min), 128,384,577 states left on queue.
Progress(22) at 2026-07-26 03:11:42: 1,563,693,217 states generated (3,416,335 s/min), 287,448,777 distinct states found (795,603 ds/min), 128,754,675 states left on queue.
Progress(22) at 2026-07-26 03:12:42: 1,567,149,543 states generated (3,456,326 s/min), 288,162,485 distinct states found (713,708 ds/min), 129,036,344 states left on queue.
Progress(22) at 2026-07-26 03:13:42: 1,570,557,426 states generated (3,407,883 s/min), 288,848,149 distinct states found (685,664 ds/min), 129,296,020 states left on queue.
Progress(22) at 2026-07-26 03:14:42: 1,573,916,529 states generated (3,359,103 s/min), 289,560,177 distinct states found (712,028 ds/min), 129,588,164 states left on queue.
Progress(22) at 2026-07-26 03:15:42: 1,577,258,439 states generated (3,341,910 s/min), 290,212,797 distinct states found (652,620 ds/min), 129,823,043 states left on queue.
Progress(22) at 2026-07-26 03:16:42: 1,580,592,599 states generated (3,334,160 s/min), 290,862,292 distinct states found (649,495 ds/min), 130,055,769 states left on queue.
Progress(22) at 2026-07-26 03:17:42: 1,583,928,287 states generated (3,335,688 s/min), 291,449,776 distinct states found (587,484 ds/min), 130,226,293 states left on queue.
Checkpointing of run states/26-07-25-19-18-36
Checkpointing completed at (2026-07-26 03:18:43)
Progress(22) at 2026-07-26 03:18:43: 1,587,283,489 states generated (3,355,202 s/min), 291,991,254 distinct states found (541,478 ds/min), 130,348,369 states left on queue.
Progress(22) at 2026-07-26 03:19:43: 1,590,686,419 states generated (3,402,930 s/min), 292,593,666 distinct states found (602,412 ds/min), 130,525,416 states left on queue.
Progress(22) at 2026-07-26 03:20:43: 1,594,085,499 states generated (3,399,080 s/min), 293,103,422 distinct states found (509,756 ds/min), 130,610,286 states left on queue.
Progress(22) at 2026-07-26 03:21:43: 1,597,488,377 states generated (3,402,878 s/min), 293,745,732 distinct states found (642,310 ds/min), 130,827,237 states left on queue.
Progress(22) at 2026-07-26 03:22:43: 1,600,932,792 states generated (3,444,415 s/min), 294,476,326 distinct states found (730,594 ds/min), 131,127,280 states left on queue.
Progress(22) at 2026-07-26 03:23:43: 1,604,358,677 states generated (3,425,885 s/min), 295,214,444 distinct states found (738,118 ds/min), 131,437,159 states left on queue.
Progress(22) at 2026-07-26 03:24:43: 1,607,801,868 states generated (3,443,191 s/min), 295,832,669 distinct states found (618,225 ds/min), 131,624,988 states left on queue.
Progress(22) at 2026-07-26 03:25:43: 1,611,181,791 states generated (3,379,923 s/min), 296,481,679 distinct states found (649,010 ds/min), 131,851,507 states left on queue.
Progress(22) at 2026-07-26 03:26:43: 1,614,517,320 states generated (3,335,529 s/min), 297,112,028 distinct states found (630,349 ds/min), 132,064,914 states left on queue.
Progress(22) at 2026-07-26 03:27:43: 1,617,843,998 states generated (3,326,678 s/min), 297,715,964 distinct states found (603,936 ds/min), 132,253,017 states left on queue.
Progress(22) at 2026-07-26 03:28:43: 1,621,222,763 states generated (3,378,765 s/min), 298,311,239 distinct states found (595,275 ds/min), 132,425,945 states left on queue.
Progress(22) at 2026-07-26 03:29:43: 1,624,615,255 states generated (3,392,492 s/min), 298,834,182 distinct states found (522,943 ds/min), 132,524,797 states left on queue.
Progress(22) at 2026-07-26 03:30:43: 1,628,089,974 states generated (3,474,719 s/min), 299,460,090 distinct states found (625,908 ds/min), 132,716,356 states left on queue.
Progress(22) at 2026-07-26 03:31:43: 1,631,482,706 states generated (3,392,732 s/min), 300,032,279 distinct states found (572,189 ds/min), 132,864,453 states left on queue.
Progress(22) at 2026-07-26 03:32:43: 1,634,895,903 states generated (3,413,197 s/min), 300,724,862 distinct states found (692,583 ds/min), 133,130,386 states left on queue.
Progress(22) at 2026-07-26 03:33:43: 1,638,306,154 states generated (3,410,251 s/min), 301,314,789 distinct states found (589,927 ds/min), 133,294,034 states left on queue.
Progress(22) at 2026-07-26 03:34:43: 1,641,707,236 states generated (3,401,082 s/min), 301,918,906 distinct states found (604,117 ds/min), 133,473,016 states left on queue.
Progress(22) at 2026-07-26 03:35:43: 1,645,055,271 states generated (3,348,035 s/min), 302,507,011 distinct states found (588,105 ds/min), 133,642,612 states left on queue.
Progress(22) at 2026-07-26 03:36:43: 1,648,477,041 states generated (3,421,770 s/min), 303,141,572 distinct states found (634,561 ds/min), 133,849,453 states left on queue.
Progress(22) at 2026-07-26 03:37:43: 1,651,852,183 states generated (3,375,142 s/min), 303,752,424 distinct states found (610,852 ds/min), 134,038,413 states left on queue.
Progress(22) at 2026-07-26 03:38:43: 1,655,295,335 states generated (3,443,152 s/min), 304,327,328 distinct states found (574,904 ds/min), 134,182,922 states left on queue.
Progress(22) at 2026-07-26 03:39:43: 1,658,716,633 states generated (3,421,298 s/min), 304,904,661 distinct states found (577,333 ds/min), 134,332,592 states left on queue.
Progress(22) at 2026-07-26 03:40:43: 1,662,133,050 states generated (3,416,417 s/min), 305,472,890 distinct states found (568,229 ds/min), 134,473,767 states left on queue.
Progress(22) at 2026-07-26 03:41:43: 1,665,591,475 states generated (3,458,425 s/min), 306,075,582 distinct states found (602,692 ds/min), 134,644,159 states left on queue.
Progress(22) at 2026-07-26 03:42:43: 1,669,039,724 states generated (3,448,249 s/min), 306,634,397 distinct states found (558,815 ds/min), 134,771,941 states left on queue.
Progress(22) at 2026-07-26 03:43:43: 1,672,445,187 states generated (3,405,463 s/min), 307,141,978 distinct states found (507,581 ds/min), 134,853,839 states left on queue.
Progress(22) at 2026-07-26 03:44:43: 1,675,885,059 states generated (3,439,872 s/min), 307,722,531 distinct states found (580,553 ds/min), 135,004,410 states left on queue.
Progress(22) at 2026-07-26 03:45:43: 1,679,307,644 states generated (3,422,585 s/min), 308,231,682 distinct states found (509,151 ds/min), 135,085,737 states left on queue.
Progress(22) at 2026-07-26 03:46:43: 1,682,704,709 states generated (3,397,065 s/min), 308,757,386 distinct states found (525,704 ds/min), 135,186,808 states left on queue.
Progress(22) at 2026-07-26 03:47:43: 1,686,125,133 states generated (3,420,424 s/min), 309,260,512 distinct states found (503,126 ds/min), 135,262,382 states left on queue.
Checkpointing of run states/26-07-25-19-18-36
Checkpointing completed at (2026-07-26 03:48:43)
Progress(22) at 2026-07-26 03:48:43: 1,689,581,531 states generated (3,456,398 s/min), 309,813,899 distinct states found (553,387 ds/min), 135,383,716 states left on queue.
Progress(22) at 2026-07-26 03:49:43: 1,692,983,890 states generated (3,402,359 s/min), 310,313,048 distinct states found (499,149 ds/min), 135,457,574 states left on queue.
Progress(22) at 2026-07-26 03:50:43: 1,696,394,911 states generated (3,411,021 s/min), 310,873,745 distinct states found (560,697 ds/min), 135,591,894 states left on queue.
Progress(22) at 2026-07-26 03:51:43: 1,699,814,219 states generated (3,419,308 s/min), 311,393,729 distinct states found (519,984 ds/min), 135,684,461 states left on queue.
Progress(22) at 2026-07-26 03:52:43: 1,703,245,197 states generated (3,430,978 s/min), 311,903,489 distinct states found (509,760 ds/min), 135,765,349 states left on queue.
Progress(22) at 2026-07-26 03:53:43: 1,706,640,998 states generated (3,395,801 s/min), 312,404,431 distinct states found (500,942 ds/min), 135,841,816 states left on queue.
Progress(22) at 2026-07-26 03:54:43: 1,710,037,499 states generated (3,396,501 s/min), 312,924,546 distinct states found (520,115 ds/min), 135,937,371 states left on queue.
Progress(22) at 2026-07-26 03:55:43: 1,713,443,020 states generated (3,405,521 s/min), 313,494,733 distinct states found (570,187 ds/min), 136,081,866 states left on queue.
Progress(22) at 2026-07-26 03:56:43: 1,716,868,318 states generated (3,425,298 s/min), 314,085,948 distinct states found (591,215 ds/min), 136,244,920 states left on queue.
Progress(22) at 2026-07-26 03:57:43: 1,720,309,175 states generated (3,440,857 s/min), 314,582,981 distinct states found (497,033 ds/min), 136,311,846 states left on queue.
Progress(22) at 2026-07-26 03:58:43: 1,723,768,904 states generated (3,459,729 s/min), 315,144,982 distinct states found (562,001 ds/min), 136,441,380 states left on queue.
Progress(22) at 2026-07-26 03:59:43: 1,727,190,002 states generated (3,421,098 s/min), 315,693,512 distinct states found (548,530 ds/min), 136,562,276 states left on queue.
Progress(22) at 2026-07-26 04:00:43: 1,730,616,528 states generated (3,426,526 s/min), 316,202,697 distinct states found (509,185 ds/min), 136,643,142 states left on queue.
Progress(22) at 2026-07-26 04:01:43: 1,734,002,118 states generated (3,385,590 s/min), 316,748,803 distinct states found (546,106 ds/min), 136,766,049 states left on queue.
Progress(22) at 2026-07-26 04:02:43: 1,737,401,545 states generated (3,399,427 s/min), 317,272,650 distinct states found (523,847 ds/min), 136,864,966 states left on queue.
Progress(22) at 2026-07-26 04:03:43: 1,740,802,067 states generated (3,400,522 s/min), 317,765,221 distinct states found (492,571 ds/min), 136,932,475 states left on queue.
Progress(22) at 2026-07-26 04:04:43: 1,744,216,070 states generated (3,414,003 s/min), 318,273,698 distinct states found (508,477 ds/min), 137,014,200 states left on queue.
Progress(22) at 2026-07-26 04:05:43: 1,747,614,785 states generated (3,398,715 s/min), 318,764,556 distinct states found (490,858 ds/min), 137,080,218 states left on queue.
Progress(22) at 2026-07-26 04:06:43: 1,750,993,412 states generated (3,378,627 s/min), 319,241,526 distinct states found (476,970 ds/min), 137,134,860 states left on queue.
Progress(22) at 2026-07-26 04:07:43: 1,754,375,989 states generated (3,382,577 s/min), 319,710,365 distinct states found (468,839 ds/min), 137,183,724 states left on queue.
Progress(22) at 2026-07-26 04:08:43: 1,757,760,235 states generated (3,384,246 s/min), 320,188,672 distinct states found (478,307 ds/min), 137,240,738 states left on queue.
Progress(22) at 2026-07-26 04:09:43: 1,761,164,133 states generated (3,403,898 s/min), 320,649,311 distinct states found (460,639 ds/min), 137,276,921 states left on queue.
Progress(22) at 2026-07-26 04:10:43: 1,764,564,880 states generated (3,400,747 s/min), 321,115,433 distinct states found (466,122 ds/min), 137,318,119 states left on queue.
Progress(22) at 2026-07-26 04:11:43: 1,767,968,795 states generated (3,403,915 s/min), 321,579,146 distinct states found (463,713 ds/min), 137,356,364 states left on queue.
Progress(22) at 2026-07-26 04:12:43: 1,771,367,538 states generated (3,398,743 s/min), 322,037,087 distinct states found (457,941 ds/min), 137,389,463 states left on queue.
Progress(22) at 2026-07-26 04:13:43: 1,774,762,363 states generated (3,394,825 s/min), 322,489,398 distinct states found (452,311 ds/min), 137,417,422 states left on queue.
Progress(22) at 2026-07-26 04:14:43: 1,778,174,376 states generated (3,412,013 s/min), 322,890,642 distinct states found (401,244 ds/min), 137,392,163 states left on queue.
Progress(22) at 2026-07-26 04:15:43: 1,781,575,621 states generated (3,401,245 s/min), 323,329,138 distinct states found (438,496 ds/min), 137,407,049 states left on queue.
Progress(22) at 2026-07-26 04:16:43: 1,784,966,256 states generated (3,390,635 s/min), 323,759,499 distinct states found (430,361 ds/min), 137,432,351 states left on queue.
Progress(22) at 2026-07-26 04:17:43: 1,788,371,618 states generated (3,405,362 s/min), 324,243,688 distinct states found (484,189 ds/min), 137,534,924 states left on queue.
Checkpointing of run states/26-07-25-19-18-36
Checkpointing completed at (2026-07-26 04:18:43)
Progress(22) at 2026-07-26 04:18:43: 1,791,783,166 states generated (3,411,548 s/min), 324,664,460 distinct states found (420,772 ds/min), 137,554,666 states left on queue.
Progress(22) at 2026-07-26 04:19:43: 1,795,166,983 states generated (3,383,817 s/min), 325,116,733 distinct states found (452,273 ds/min), 137,623,792 states left on queue.
Progress(22) at 2026-07-26 04:20:43: 1,798,607,388 states generated (3,440,405 s/min), 325,524,265 distinct states found (407,532 ds/min), 137,636,538 states left on queue.
Progress(22) at 2026-07-26 04:21:43: 1,801,953,248 states generated (3,345,860 s/min), 326,214,823 distinct states found (690,558 ds/min), 137,982,163 states left on queue.
Progress(22) at 2026-07-26 04:22:43: 1,805,316,193 states generated (3,362,945 s/min), 326,900,011 distinct states found (685,188 ds/min), 138,330,825 states left on queue.
Progress(22) at 2026-07-26 04:23:43: 1,808,653,396 states generated (3,337,203 s/min), 327,493,780 distinct states found (593,769 ds/min), 138,588,283 states left on queue.
Progress(22) at 2026-07-26 04:24:43: 1,811,935,567 states generated (3,282,171 s/min), 328,035,156 distinct states found (541,376 ds/min), 138,798,843 states left on queue.
Progress(22) at 2026-07-26 04:25:43: 1,815,296,429 states generated (3,360,862 s/min), 328,470,058 distinct states found (434,902 ds/min), 138,892,283 states left on queue.
Progress(22) at 2026-07-26 04:26:43: 1,818,710,845 states generated (3,414,416 s/min), 328,894,347 distinct states found (424,289 ds/min), 138,926,038 states left on queue.
Progress(22) at 2026-07-26 04:27:43: 1,822,196,095 states generated (3,485,250 s/min), 329,445,772 distinct states found (551,425 ds/min), 139,041,807 states left on queue.
Progress(22) at 2026-07-26 04:28:43: 1,825,606,606 states generated (3,410,511 s/min), 329,944,045 distinct states found (498,273 ds/min), 139,113,768 states left on queue.
Progress(22) at 2026-07-26 04:29:43: 1,829,006,264 states generated (3,399,658 s/min), 330,484,735 distinct states found (540,690 ds/min), 139,229,498 states left on queue.
Progress(22) at 2026-07-26 04:30:43: 1,832,364,150 states generated (3,357,886 s/min), 330,967,795 distinct states found (483,060 ds/min), 139,292,821 states left on queue.
Progress(22) at 2026-07-26 04:31:43: 1,835,776,829 states generated (3,412,679 s/min), 331,437,122 distinct states found (469,327 ds/min), 139,335,567 states left on queue.
Progress(22) at 2026-07-26 04:32:43: 1,839,215,406 states generated (3,438,577 s/min), 331,877,928 distinct states found (440,806 ds/min), 139,352,664 states left on queue.
Progress(22) at 2026-07-26 04:33:43: 1,842,727,294 states generated (3,511,888 s/min), 332,332,390 distinct states found (454,462 ds/min), 139,369,373 states left on queue.
Progress(22) at 2026-07-26 04:34:43: 1,846,257,007 states generated (3,529,713 s/min), 332,811,296 distinct states found (478,906 ds/min), 139,408,609 states left on queue.
Progress(22) at 2026-07-26 04:35:43: 1,849,735,028 states generated (3,478,021 s/min), 333,189,913 distinct states found (378,617 ds/min), 139,365,882 states left on queue.
Progress(22) at 2026-07-26 04:36:43: 1,853,233,866 states generated (3,498,838 s/min), 333,721,421 distinct states found (531,508 ds/min), 139,460,036 states left on queue.
Progress(22) at 2026-07-26 04:37:43: 1,856,749,302 states generated (3,515,436 s/min), 334,219,922 distinct states found (498,501 ds/min), 139,519,105 states left on queue.
Progress(22) at 2026-07-26 04:38:43: 1,860,254,730 states generated (3,505,428 s/min), 334,671,993 distinct states found (452,071 ds/min), 139,532,999 states left on queue.
Progress(22) at 2026-07-26 04:39:43: 1,863,706,593 states generated (3,451,863 s/min), 335,149,878 distinct states found (477,885 ds/min), 139,579,404 states left on queue.
Progress(22) at 2026-07-26 04:40:43: 1,867,138,864 states generated (3,432,271 s/min), 335,570,895 distinct states found (421,017 ds/min), 139,571,385 states left on queue.
Progress(22) at 2026-07-26 04:41:43: 1,870,628,808 states generated (3,489,944 s/min), 336,037,273 distinct states found (466,378 ds/min), 139,601,518 states left on queue.
Progress(22) at 2026-07-26 04:42:43: 1,874,136,171 states generated (3,507,363 s/min), 336,453,053 distinct states found (415,780 ds/min), 139,578,879 states left on queue.
Progress(22) at 2026-07-26 04:43:43: 1,877,585,307 states generated (3,449,136 s/min), 336,886,895 distinct states found (433,842 ds/min), 139,581,578 states left on queue.
Progress(22) at 2026-07-26 04:44:43: 1,881,017,167 states generated (3,431,860 s/min), 337,358,907 distinct states found (472,012 ds/min), 139,624,608 states left on queue.
Progress(22) at 2026-07-26 04:45:43: 1,884,448,207 states generated (3,431,040 s/min), 337,814,039 distinct states found (455,132 ds/min), 139,650,861 states left on queue.
Progress(22) at 2026-07-26 04:46:43: 1,887,890,076 states generated (3,441,869 s/min), 338,229,702 distinct states found (415,663 ds/min), 139,636,289 states left on queue.
Progress(22) at 2026-07-26 04:47:43: 1,891,311,431 states generated (3,421,355 s/min), 338,637,440 distinct states found (407,738 ds/min), 139,616,358 states left on queue.
Checkpointing of run states/26-07-25-19-18-36
Checkpointing completed at (2026-07-26 04:48:43)
Progress(22) at 2026-07-26 04:48:43: 1,894,729,881 states generated (3,418,450 s/min), 339,030,452 distinct states found (393,012 ds/min), 139,582,064 states left on queue.
Progress(22) at 2026-07-26 04:49:43: 1,898,153,766 states generated (3,423,885 s/min), 339,430,404 distinct states found (399,952 ds/min), 139,554,031 states left on queue.
Progress(22) at 2026-07-26 04:50:43: 1,901,538,335 states generated (3,384,569 s/min), 339,865,790 distinct states found (435,386 ds/min), 139,566,345 states left on queue.
Progress(22) at 2026-07-26 04:51:43: 1,904,919,472 states generated (3,381,137 s/min), 340,248,160 distinct states found (382,370 ds/min), 139,526,026 states left on queue.
Progress(22) at 2026-07-26 04:52:43: 1,908,383,523 states generated (3,464,051 s/min), 340,671,854 distinct states found (423,694 ds/min), 139,516,715 states left on queue.
Progress(22) at 2026-07-26 04:53:43: 1,911,841,767 states generated (3,458,244 s/min), 341,099,908 distinct states found (428,054 ds/min), 139,512,482 states left on queue.
Progress(22) at 2026-07-26 04:54:43: 1,915,291,062 states generated (3,449,295 s/min), 341,497,715 distinct states found (397,807 ds/min), 139,479,123 states left on queue.
Progress(22) at 2026-07-26 04:55:43: 1,918,723,241 states generated (3,432,179 s/min), 341,871,836 distinct states found (374,121 ds/min), 139,424,223 states left on queue.
Progress(22) at 2026-07-26 04:56:43: 1,922,096,734 states generated (3,373,493 s/min), 342,633,714 distinct states found (761,878 ds/min), 139,764,413 states left on queue.
Progress(22) at 2026-07-26 04:57:43: 1,925,476,834 states generated (3,380,100 s/min), 343,365,291 distinct states found (731,577 ds/min), 140,073,477 states left on queue.
Progress(22) at 2026-07-26 04:58:43: 1,928,874,390 states generated (3,397,556 s/min), 344,116,707 distinct states found (751,416 ds/min), 140,400,200 states left on queue.
Progress(22) at 2026-07-26 04:59:43: 1,932,288,949 states generated (3,414,559 s/min), 344,835,299 distinct states found (718,592 ds/min), 140,691,970 states left on queue.
Progress(22) at 2026-07-26 05:00:43: 1,935,715,490 states generated (3,426,541 s/min), 345,486,970 distinct states found (651,671 ds/min), 140,915,322 states left on queue.
Progress(22) at 2026-07-26 05:01:43: 1,939,096,349 states generated (3,380,859 s/min), 346,088,321 distinct states found (601,351 ds/min), 141,094,069 states left on queue.
Progress(22) at 2026-07-26 05:02:43: 1,942,469,866 states generated (3,373,517 s/min), 346,760,519 distinct states found (672,198 ds/min), 141,344,576 states left on queue.
Progress(22) at 2026-07-26 05:03:43: 1,945,855,745 states generated (3,385,879 s/min), 347,362,226 distinct states found (601,707 ds/min), 141,523,049 states left on queue.
Progress(22) at 2026-07-26 05:04:43: 1,949,189,880 states generated (3,334,135 s/min), 347,947,141 distinct states found (584,915 ds/min), 141,691,196 states left on queue.
Progress(22) at 2026-07-26 05:05:43: 1,952,532,327 states generated (3,342,447 s/min), 348,493,019 distinct states found (545,878 ds/min), 141,819,269 states left on queue.
Progress(22) at 2026-07-26 05:06:43: 1,955,903,458 states generated (3,371,131 s/min), 349,005,925 distinct states found (512,906 ds/min), 141,910,784 states left on queue.
Progress(22) at 2026-07-26 05:07:43: 1,959,324,607 states generated (3,421,149 s/min), 349,581,633 distinct states found (575,708 ds/min), 142,058,849 states left on queue.
Progress(22) at 2026-07-26 05:08:43: 1,962,763,903 states generated (3,439,296 s/min), 350,271,063 distinct states found (689,430 ds/min), 142,318,363 states left on queue.
Progress(22) at 2026-07-26 05:09:43: 1,966,202,536 states generated (3,438,633 s/min), 350,877,995 distinct states found (606,932 ds/min), 142,495,471 states left on queue.
Progress(22) at 2026-07-26 05:10:43: 1,969,634,645 states generated (3,432,109 s/min), 351,488,921 distinct states found (610,926 ds/min), 142,677,380 states left on queue.
Progress(22) at 2026-07-26 05:11:43: 1,972,980,736 states generated (3,346,091 s/min), 352,078,734 distinct states found (589,813 ds/min), 142,848,932 states left on queue.
Progress(22) at 2026-07-26 05:12:43: 1,976,386,849 states generated (3,406,113 s/min), 352,610,703 distinct states found (531,969 ds/min), 142,955,138 states left on queue.
Progress(22) at 2026-07-26 05:13:43: 1,979,850,792 states generated (3,463,943 s/min), 353,144,776 distinct states found (534,073 ds/min), 143,056,218 states left on queue.
Progress(22) at 2026-07-26 05:14:43: 1,983,347,664 states generated (3,496,872 s/min), 353,689,269 distinct states found (544,493 ds/min), 143,163,602 states left on queue.
Progress(22) at 2026-07-26 05:15:43: 1,986,827,039 states generated (3,479,375 s/min), 354,161,879 distinct states found (472,610 ds/min), 143,201,288 states left on queue.
Progress(22) at 2026-07-26 05:16:43: 1,990,242,384 states generated (3,415,345 s/min), 354,795,329 distinct states found (633,450 ds/min), 143,407,822 states left on queue.
Progress(22) at 2026-07-26 05:17:43: 1,993,652,915 states generated (3,410,531 s/min), 355,378,123 distinct states found (582,794 ds/min), 143,564,299 states left on queue.
Checkpointing of run states/26-07-25-19-18-36
Checkpointing completed at (2026-07-26 05:18:44)
Progress(22) at 2026-07-26 05:18:44: 1,997,106,053 states generated (3,453,138 s/min), 355,893,720 distinct states found (515,597 ds/min), 143,648,255 states left on queue.
Progress(22) at 2026-07-26 05:19:44: 2,000,545,042 states generated (3,438,989 s/min), 356,482,548 distinct states found (588,828 ds/min), 143,807,209 states left on queue.
Progress(22) at 2026-07-26 05:20:44: 2,003,949,761 states generated (3,404,719 s/min), 357,015,752 distinct states found (533,204 ds/min), 143,914,821 states left on queue.
Progress(22) at 2026-07-26 05:21:44: 2,007,357,510 states generated (3,407,749 s/min), 357,541,063 distinct states found (525,311 ds/min), 144,014,166 states left on queue.
Progress(22) at 2026-07-26 05:22:44: 2,010,835,629 states generated (3,478,119 s/min), 358,039,306 distinct states found (498,243 ds/min), 144,077,643 states left on queue.
Progress(22) at 2026-07-26 05:23:44: 2,014,270,252 states generated (3,434,623 s/min), 358,504,498 distinct states found (465,192 ds/min), 144,113,509 states left on queue.
Progress(22) at 2026-07-26 05:24:44: 2,017,664,079 states generated (3,393,827 s/min), 358,997,098 distinct states found (492,600 ds/min), 144,181,879 states left on queue.
Progress(22) at 2026-07-26 05:25:44: 2,021,042,341 states generated (3,378,262 s/min), 359,499,121 distinct states found (502,023 ds/min), 144,261,620 states left on queue.
Progress(22) at 2026-07-26 05:26:44: 2,024,439,345 states generated (3,397,004 s/min), 359,988,660 distinct states found (489,539 ds/min), 144,326,532 states left on queue.
Progress(22) at 2026-07-26 05:27:44: 2,027,849,336 states generated (3,409,991 s/min), 360,535,306 distinct states found (546,646 ds/min), 144,446,930 states left on queue.
Progress(22) at 2026-07-26 05:28:44: 2,031,233,566 states generated (3,384,230 s/min), 361,032,432 distinct states found (497,126 ds/min), 144,521,029 states left on queue.
Progress(22) at 2026-07-26 05:29:44: 2,034,622,843 states generated (3,389,277 s/min), 361,485,569 distinct states found (453,137 ds/min), 144,550,504 states left on queue.
Progress(22) at 2026-07-26 05:30:44: 2,037,972,665 states generated (3,349,822 s/min), 361,936,652 distinct states found (451,083 ds/min), 144,582,859 states left on queue.
Progress(22) at 2026-07-26 05:31:44: 2,041,328,287 states generated (3,355,622 s/min), 362,386,027 distinct states found (449,375 ds/min), 144,612,783 states left on queue.
Progress(22) at 2026-07-26 05:32:44: 2,044,690,275 states generated (3,361,988 s/min), 362,857,101 distinct states found (471,074 ds/min), 144,663,607 states left on queue.
Progress(22) at 2026-07-26 05:33:44: 2,048,097,305 states generated (3,407,030 s/min), 363,273,690 distinct states found (416,589 ds/min), 144,654,321 states left on queue.
Progress(22) at 2026-07-26 05:34:44: 2,051,499,410 states generated (3,402,105 s/min), 363,724,693 distinct states found (451,003 ds/min), 144,680,056 states left on queue.
Progress(22) at 2026-07-26 05:35:44: 2,054,920,711 states generated (3,421,301 s/min), 364,194,298 distinct states found (469,605 ds/min), 144,721,999 states left on queue.
Progress(22) at 2026-07-26 05:36:44: 2,058,338,277 states generated (3,417,566 s/min), 364,599,983 distinct states found (405,685 ds/min), 144,700,489 states left on queue.
Progress(23) at 2026-07-26 05:37:44: 2,061,788,683 states generated (3,450,406 s/min), 365,018,806 distinct states found (418,823 ds/min), 144,687,463 states left on queue.
Progress(23) at 2026-07-26 05:38:44: 2,065,194,563 states generated (3,405,880 s/min), 365,424,764 distinct states found (405,958 ds/min), 144,667,581 states left on queue.
Progress(23) at 2026-07-26 05:39:44: 2,068,604,682 states generated (3,410,119 s/min), 365,799,204 distinct states found (374,440 ds/min), 144,615,585 states left on queue.
Progress(23) at 2026-07-26 05:40:44: 2,072,039,077 states generated (3,434,395 s/min), 366,143,656 distinct states found (344,452 ds/min), 144,530,727 states left on queue.
Progress(23) at 2026-07-26 05:41:44: 2,075,516,180 states generated (3,477,103 s/min), 366,600,690 distinct states found (457,034 ds/min), 144,553,122 states left on queue.
Progress(23) at 2026-07-26 05:42:44: 2,078,946,310 states generated (3,430,130 s/min), 367,019,756 distinct states found (419,066 ds/min), 144,543,421 states left on queue.
Progress(23) at 2026-07-26 05:43:44: 2,082,336,617 states generated (3,390,307 s/min), 367,442,530 distinct states found (422,774 ds/min), 144,542,404 states left on queue.
Progress(23) at 2026-07-26 05:44:44: 2,085,778,494 states generated (3,441,877 s/min), 367,828,586 distinct states found (386,056 ds/min), 144,498,227 states left on queue.
Progress(23) at 2026-07-26 05:45:44: 2,089,209,427 states generated (3,430,933 s/min), 368,200,502 distinct states found (371,916 ds/min), 144,441,279 states left on queue.
Progress(23) at 2026-07-26 05:46:44: 2,092,641,961 states generated (3,432,534 s/min), 368,593,754 distinct states found (393,252 ds/min), 144,405,461 states left on queue.
Progress(23) at 2026-07-26 05:47:44: 2,096,048,560 states generated (3,406,599 s/min), 369,329,487 distinct states found (735,733 ds/min), 144,715,370 states left on queue.
Checkpointing of run states/26-07-25-19-18-36
Checkpointing completed at (2026-07-26 05:48:44)
Progress(23) at 2026-07-26 05:48:44: 2,099,490,908 states generated (3,442,348 s/min), 369,967,024 distinct states found (637,537 ds/min), 144,922,614 states left on queue.
Progress(23) at 2026-07-26 05:49:44: 2,102,826,050 states generated (3,335,142 s/min), 370,535,744 distinct states found (568,720 ds/min), 145,074,440 states left on queue.
Progress(23) at 2026-07-26 05:50:44: 2,106,203,751 states generated (3,377,701 s/min), 370,998,257 distinct states found (462,513 ds/min), 145,114,743 states left on queue.
Progress(23) at 2026-07-26 05:51:44: 2,109,652,399 states generated (3,448,648 s/min), 371,564,329 distinct states found (566,072 ds/min), 145,249,733 states left on queue.
Progress(23) at 2026-07-26 05:52:44: 2,113,107,849 states generated (3,455,450 s/min), 372,085,425 distinct states found (521,096 ds/min), 145,338,897 states left on queue.
Progress(23) at 2026-07-26 05:53:44: 2,116,541,174 states generated (3,433,325 s/min), 372,535,934 distinct states found (450,509 ds/min), 145,360,239 states left on queue.
Progress(23) at 2026-07-26 05:54:44: 2,119,927,644 states generated (3,386,470 s/min), 372,994,752 distinct states found (458,818 ds/min), 145,395,748 states left on queue.
Progress(23) at 2026-07-26 05:55:44: 2,123,322,804 states generated (3,395,160 s/min), 373,429,092 distinct states found (434,340 ds/min), 145,405,695 states left on queue.
Progress(23) at 2026-07-26 05:56:44: 2,126,722,513 states generated (3,399,709 s/min), 373,826,450 distinct states found (397,358 ds/min), 145,378,089 states left on queue.
Progress(23) at 2026-07-26 05:57:44: 2,130,187,818 states generated (3,465,305 s/min), 374,179,789 distinct states found (353,339 ds/min), 145,299,172 states left on queue.
Progress(23) at 2026-07-26 05:58:44: 2,133,599,772 states generated (3,411,954 s/min), 374,736,416 distinct states found (556,627 ds/min), 145,450,380 states left on queue.
Progress(23) at 2026-07-26 05:59:44: 2,136,984,937 states generated (3,385,165 s/min), 375,527,041 distinct states found (790,625 ds/min), 145,864,204 states left on queue.
Progress(23) at 2026-07-26 06:00:44: 2,140,372,685 states generated (3,387,748 s/min), 376,288,658 distinct states found (761,617 ds/min), 146,249,203 states left on queue.
Progress(23) at 2026-07-26 06:01:44: 2,143,782,231 states generated (3,409,546 s/min), 377,013,732 distinct states found (725,074 ds/min), 146,594,980 states left on queue.
Progress(23) at 2026-07-26 06:02:44: 2,147,226,304 states generated (3,444,073 s/min), 377,652,795 distinct states found (639,063 ds/min), 146,851,224 states left on queue.
Progress(23) at 2026-07-26 06:03:44: 2,150,629,939 states generated (3,403,635 s/min), 378,260,822 distinct states found (608,027 ds/min), 147,080,965 states left on queue.
Progress(23) at 2026-07-26 06:04:44: 2,153,977,718 states generated (3,347,779 s/min), 378,884,554 distinct states found (623,732 ds/min), 147,332,605 states left on queue.
Progress(23) at 2026-07-26 06:05:44: 2,157,313,588 states generated (3,335,870 s/min), 379,561,371 distinct states found (676,817 ds/min), 147,638,761 states left on queue.
Progress(23) at 2026-07-26 06:06:44: 2,160,650,094 states generated (3,336,506 s/min), 380,145,748 distinct states found (584,377 ds/min), 147,851,693 states left on queue.
Progress(23) at 2026-07-26 06:07:44: 2,164,005,142 states generated (3,355,048 s/min), 380,729,319 distinct states found (583,571 ds/min), 148,061,758 states left on queue.
Progress(23) at 2026-07-26 06:08:44: 2,167,353,874 states generated (3,348,732 s/min), 381,284,783 distinct states found (555,464 ds/min), 148,245,139 states left on queue.
Progress(23) at 2026-07-26 06:09:44: 2,170,728,368 states generated (3,374,494 s/min), 381,783,557 distinct states found (498,774 ds/min), 148,368,970 states left on queue.
Progress(23) at 2026-07-26 06:10:44: 2,174,164,457 states generated (3,436,089 s/min), 382,395,766 distinct states found (612,209 ds/min), 148,599,392 states left on queue.
Progress(23) at 2026-07-26 06:11:44: 2,177,591,880 states generated (3,427,423 s/min), 383,083,365 distinct states found (687,599 ds/min), 148,906,165 states left on queue.
Progress(23) at 2026-07-26 06:12:44: 2,181,039,294 states generated (3,447,414 s/min), 383,698,559 distinct states found (615,194 ds/min), 149,138,314 states left on queue.
Progress(23) at 2026-07-26 06:13:44: 2,184,506,995 states generated (3,467,701 s/min), 384,274,474 distinct states found (575,915 ds/min), 149,327,407 states left on queue.
Progress(23) at 2026-07-26 06:14:44: 2,187,949,803 states generated (3,442,808 s/min), 384,792,698 distinct states found (518,224 ds/min), 149,461,714 states left on queue.
Progress(23) at 2026-07-26 06:15:44: 2,191,308,604 states generated (3,358,801 s/min), 385,449,179 distinct states found (656,481 ds/min), 149,744,996 states left on queue.
Progress(23) at 2026-07-26 06:16:44: 2,194,642,700 states generated (3,334,096 s/min), 386,041,663 distinct states found (592,484 ds/min), 149,967,024 states left on queue.
Progress(23) at 2026-07-26 06:17:44: 2,198,049,995 states generated (3,407,295 s/min), 386,599,984 distinct states found (558,321 ds/min), 150,145,674 states left on queue.
Checkpointing of run states/26-07-25-19-18-36
Checkpointing completed at (2026-07-26 06:18:44)
Progress(23) at 2026-07-26 06:18:44: 2,201,454,287 states generated (3,404,292 s/min), 387,172,093 distinct states found (572,109 ds/min), 150,339,247 states left on queue.
Progress(23) at 2026-07-26 06:19:44: 2,204,794,260 states generated (3,339,973 s/min), 387,738,071 distinct states found (565,978 ds/min), 150,534,112 states left on queue.
Progress(23) at 2026-07-26 06:20:44: 2,208,130,382 states generated (3,336,122 s/min), 388,267,851 distinct states found (529,780 ds/min), 150,693,212 states left on queue.
Progress(23) at 2026-07-26 06:21:44: 2,211,484,808 states generated (3,354,426 s/min), 388,744,797 distinct states found (476,946 ds/min), 150,797,445 states left on queue.
Progress(23) at 2026-07-26 06:22:44: 2,214,897,184 states generated (3,412,376 s/min), 389,152,714 distinct states found (407,917 ds/min), 150,823,128 states left on queue.
Progress(23) at 2026-07-26 06:23:44: 2,218,315,108 states generated (3,417,924 s/min), 389,711,785 distinct states found (559,071 ds/min), 151,002,056 states left on queue.
Progress(23) at 2026-07-26 06:24:44: 2,221,721,214 states generated (3,406,106 s/min), 390,243,468 distinct states found (531,683 ds/min), 151,155,242 states left on queue.
Progress(23) at 2026-07-26 06:25:44: 2,225,173,955 states generated (3,452,741 s/min), 390,916,869 distinct states found (673,401 ds/min), 151,444,993 states left on queue.
Progress(23) at 2026-07-26 06:26:44: 2,228,619,565 states generated (3,445,610 s/min), 391,475,811 distinct states found (558,942 ds/min), 151,621,080 states left on queue.
Progress(23) at 2026-07-26 06:27:44: 2,232,122,618 states generated (3,503,053 s/min), 392,004,246 distinct states found (528,435 ds/min), 151,760,290 states left on queue.
Progress(23) at 2026-07-26 06:28:44: 2,235,600,550 states generated (3,477,932 s/min), 392,499,537 distinct states found (495,291 ds/min), 151,869,140 states left on queue.
Progress(23) at 2026-07-26 06:29:44: 2,239,045,589 states generated (3,445,039 s/min), 393,014,671 distinct states found (515,134 ds/min), 152,001,487 states left on queue.
Progress(23) at 2026-07-26 06:30:44: 2,242,435,291 states generated (3,389,702 s/min), 393,498,700 distinct states found (484,029 ds/min), 152,108,885 states left on queue.
Progress(23) at 2026-07-26 06:31:44: 2,245,849,533 states generated (3,414,242 s/min), 393,921,822 distinct states found (423,122 ds/min), 152,152,646 states left on queue.
Progress(23) at 2026-07-26 06:32:44: 2,249,294,316 states generated (3,444,783 s/min), 394,373,936 distinct states found (452,114 ds/min), 152,221,984 states left on queue.
Progress(23) at 2026-07-26 06:33:44: 2,252,621,420 states generated (3,327,104 s/min), 394,801,286 distinct states found (427,350 ds/min), 152,279,651 states left on queue.
Progress(23) at 2026-07-26 06:34:44: 2,255,884,366 states generated (3,262,946 s/min), 395,170,237 distinct states found (368,951 ds/min), 152,266,296 states left on queue.
Progress(23) at 2026-07-26 06:35:44: 2,259,137,048 states generated (3,252,682 s/min), 395,606,579 distinct states found (436,342 ds/min), 152,336,699 states left on queue.
Progress(23) at 2026-07-26 06:36:44: 2,262,446,012 states generated (3,308,964 s/min), 396,017,710 distinct states found (411,131 ds/min), 152,376,403 states left on queue.
Progress(23) at 2026-07-26 06:37:44: 2,265,834,205 states generated (3,388,193 s/min), 396,464,775 distinct states found (447,065 ds/min), 152,424,471 states left on queue.
Progress(23) at 2026-07-26 06:38:44: 2,269,169,621 states generated (3,335,416 s/min), 397,244,024 distinct states found (779,249 ds/min), 152,786,794 states left on queue.
Progress(23) at 2026-07-26 06:39:44: 2,272,545,355 states generated (3,375,734 s/min), 397,989,134 distinct states found (745,110 ds/min), 153,109,937 states left on queue.
Progress(23) at 2026-07-26 06:40:44: 2,275,902,137 states generated (3,356,782 s/min), 398,734,082 distinct states found (744,948 ds/min), 153,435,288 states left on queue.
Progress(23) at 2026-07-26 06:41:44: 2,279,229,764 states generated (3,327,627 s/min), 399,387,163 distinct states found (653,081 ds/min), 153,672,416 states left on queue.
Progress(23) at 2026-07-26 06:42:44: 2,282,538,260 states generated (3,308,496 s/min), 400,093,193 distinct states found (706,030 ds/min), 153,964,883 states left on queue.
Progress(23) at 2026-07-26 06:43:44: 2,285,850,302 states generated (3,312,042 s/min), 400,739,678 distinct states found (646,485 ds/min), 154,197,361 states left on queue.
Progress(23) at 2026-07-26 06:44:44: 2,289,145,858 states generated (3,295,556 s/min), 401,346,196 distinct states found (606,518 ds/min), 154,391,934 states left on queue.
Progress(23) at 2026-07-26 06:45:44: 2,292,485,796 states generated (3,339,938 s/min), 401,906,252 distinct states found (560,056 ds/min), 154,534,499 states left on queue.
Progress(23) at 2026-07-26 06:46:44: 2,295,865,445 states generated (3,379,649 s/min), 402,582,017 distinct states found (675,765 ds/min), 154,787,810 states left on queue.
Progress(23) at 2026-07-26 06:47:44: 2,298,327,304 states generated (2,461,859 s/min), 402,998,225 distinct states found (416,208 ds/min), 154,896,284 states left on queue.
Checkpointing of run states/26-07-25-19-18-36
Checkpointing completed at (2026-07-26 06:48:45)
Progress(23) at 2026-07-26 06:48:45: 2,301,514,718 states generated (3,187,414 s/min), 403,510,323 distinct states found (512,098 ds/min), 155,009,956 states left on queue.
Progress(23) at 2026-07-26 06:49:45: 2,304,908,103 states generated (3,393,385 s/min), 404,019,657 distinct states found (509,334 ds/min), 155,095,118 states left on queue.
Progress(23) at 2026-07-26 06:50:45: 2,308,376,103 states generated (3,468,000 s/min), 404,714,005 distinct states found (694,348 ds/min), 155,355,964 states left on queue.
Progress(23) at 2026-07-26 06:51:45: 2,311,838,491 states generated (3,462,388 s/min), 405,314,179 distinct states found (600,174 ds/min), 155,523,339 states left on queue.
Progress(23) at 2026-07-26 06:52:45: 2,315,238,481 states generated (3,399,990 s/min), 405,844,848 distinct states found (530,669 ds/min), 155,629,009 states left on queue.
Progress(23) at 2026-07-26 06:53:45: 2,318,590,379 states generated (3,351,898 s/min), 406,551,113 distinct states found (706,265 ds/min), 155,916,289 states left on queue.
Progress(23) at 2026-07-26 06:54:45: 2,321,908,941 states generated (3,318,562 s/min), 407,191,483 distinct states found (640,370 ds/min), 156,141,836 states left on queue.
Progress(23) at 2026-07-26 06:55:45: 2,325,347,161 states generated (3,438,220 s/min), 407,818,391 distinct states found (626,908 ds/min), 156,338,968 states left on queue.
Progress(23) at 2026-07-26 06:56:45: 2,328,776,293 states generated (3,429,132 s/min), 408,404,793 distinct states found (586,402 ds/min), 156,496,730 states left on queue.
Progress(23) at 2026-07-26 06:57:45: 2,332,227,170 states generated (3,450,877 s/min), 408,941,214 distinct states found (536,421 ds/min), 156,601,790 states left on queue.
Progress(23) at 2026-07-26 06:58:45: 2,335,656,246 states generated (3,429,076 s/min), 409,500,819 distinct states found (559,605 ds/min), 156,732,763 states left on queue.
Progress(23) at 2026-07-26 06:59:45: 2,339,034,881 states generated (3,378,635 s/min), 410,090,312 distinct states found (589,493 ds/min), 156,899,925 states left on queue.
Progress(23) at 2026-07-26 07:00:45: 2,342,417,093 states generated (3,382,212 s/min), 410,689,700 distinct states found (599,388 ds/min), 157,076,536 states left on queue.
Progress(23) at 2026-07-26 07:01:45: 2,345,791,245 states generated (3,374,152 s/min), 411,292,299 distinct states found (602,599 ds/min), 157,257,366 states left on queue.
Progress(23) at 2026-07-26 07:02:45: 2,349,164,180 states generated (3,372,935 s/min), 411,874,390 distinct states found (582,091 ds/min), 157,417,841 states left on queue.
Progress(23) at 2026-07-26 07:03:45: 2,352,528,985 states generated (3,364,805 s/min), 412,404,953 distinct states found (530,563 ds/min), 157,527,802 states left on queue.
Progress(23) at 2026-07-26 07:04:45: 2,355,886,169 states generated (3,357,184 s/min), 412,930,651 distinct states found (525,698 ds/min), 157,633,853 states left on queue.
Progress(23) at 2026-07-26 07:05:45: 2,359,301,190 states generated (3,415,021 s/min), 413,471,806 distinct states found (541,155 ds/min), 157,748,127 states left on queue.
Progress(23) at 2026-07-26 07:06:45: 2,362,716,462 states generated (3,415,272 s/min), 414,003,856 distinct states found (532,050 ds/min), 157,853,271 states left on queue.
Progress(23) at 2026-07-26 07:07:45: 2,366,145,581 states generated (3,429,119 s/min), 414,539,382 distinct states found (535,526 ds/min), 157,960,155 states left on queue.
Progress(23) at 2026-07-26 07:08:45: 2,369,644,794 states generated (3,499,213 s/min), 415,080,847 distinct states found (541,465 ds/min), 158,064,221 states left on queue.
Progress(23) at 2026-07-26 07:09:45: 2,373,108,934 states generated (3,464,140 s/min), 415,550,541 distinct states found (469,694 ds/min), 158,100,898 states left on queue.
Progress(23) at 2026-07-26 07:10:45: 2,376,521,375 states generated (3,412,441 s/min), 416,034,224 distinct states found (483,683 ds/min), 158,158,025 states left on queue.
Progress(23) at 2026-07-26 07:11:45: 2,379,910,070 states generated (3,388,695 s/min), 416,512,992 distinct states found (478,768 ds/min), 158,213,206 states left on queue.
Progress(23) at 2026-07-26 07:12:45: 2,383,304,784 states generated (3,394,714 s/min), 416,997,776 distinct states found (484,784 ds/min), 158,273,649 states left on queue.
Progress(23) at 2026-07-26 07:13:45: 2,386,668,912 states generated (3,364,128 s/min), 417,556,701 distinct states found (558,925 ds/min), 158,412,059 states left on queue.
Progress(23) at 2026-07-26 07:14:45: 2,389,997,835 states generated (3,328,923 s/min), 418,151,406 distinct states found (594,705 ds/min), 158,590,649 states left on queue.
Progress(23) at 2026-07-26 07:15:45: 2,393,420,629 states generated (3,422,794 s/min), 418,656,510 distinct states found (505,104 ds/min), 158,667,902 states left on queue.
Progress(23) at 2026-07-26 07:16:45: 2,396,808,107 states generated (3,387,478 s/min), 419,153,399 distinct states found (496,889 ds/min), 158,741,357 states left on queue.
Progress(23) at 2026-07-26 07:17:45: 2,400,199,149 states generated (3,391,042 s/min), 419,603,987 distinct states found (450,588 ds/min), 158,768,066 states left on queue.
Checkpointing of run states/26-07-25-19-18-36
Checkpointing completed at (2026-07-26 07:18:45)
Progress(23) at 2026-07-26 07:18:45: 2,403,614,247 states generated (3,415,098 s/min), 420,159,920 distinct states found (555,933 ds/min), 158,897,111 states left on queue.
Progress(23) at 2026-07-26 07:19:45: 2,407,050,281 states generated (3,436,034 s/min), 420,652,104 distinct states found (492,184 ds/min), 158,959,791 states left on queue.
Progress(23) at 2026-07-26 07:20:45: 2,410,479,202 states generated (3,428,921 s/min), 421,096,541 distinct states found (444,437 ds/min), 158,975,614 states left on queue.
Progress(23) at 2026-07-26 07:21:45: 2,413,815,975 states generated (3,336,773 s/min), 421,767,619 distinct states found (671,078 ds/min), 159,229,594 states left on queue.
Progress(23) at 2026-07-26 07:22:45: 2,417,161,477 states generated (3,345,502 s/min), 422,304,915 distinct states found (537,296 ds/min), 159,348,702 states left on queue.
Progress(23) at 2026-07-26 07:23:45: 2,420,518,386 states generated (3,356,909 s/min), 422,875,710 distinct states found (570,795 ds/min), 159,499,884 states left on queue.
Progress(23) at 2026-07-26 07:24:45: 2,423,859,048 states generated (3,340,662 s/min), 423,369,410 distinct states found (493,700 ds/min), 159,576,001 states left on queue.
Progress(23) at 2026-07-26 07:25:45: 2,427,251,207 states generated (3,392,159 s/min), 423,921,976 distinct states found (552,566 ds/min), 159,704,547 states left on queue.
Progress(23) at 2026-07-26 07:26:45: 2,430,625,831 states generated (3,374,624 s/min), 424,562,262 distinct states found (640,286 ds/min), 159,923,007 states left on queue.
Progress(23) at 2026-07-26 07:27:45: 2,434,021,784 states generated (3,395,953 s/min), 425,172,012 distinct states found (609,750 ds/min), 160,108,262 states left on queue.
Progress(23) at 2026-07-26 07:28:45: 2,437,409,844 states generated (3,388,060 s/min), 425,747,745 distinct states found (575,733 ds/min), 160,260,488 states left on queue.
Progress(23) at 2026-07-26 07:29:45: 2,440,762,825 states generated (3,352,981 s/min), 426,322,435 distinct states found (574,690 ds/min), 160,416,053 states left on queue.
Progress(23) at 2026-07-26 07:30:45: 2,444,126,876 states generated (3,364,051 s/min), 426,871,347 distinct states found (548,912 ds/min), 160,544,462 states left on queue.
Progress(23) at 2026-07-26 07:31:45: 2,447,486,483 states generated (3,359,607 s/min), 427,389,955 distinct states found (518,608 ds/min), 160,643,117 states left on queue.
Progress(23) at 2026-07-26 07:32:45: 2,450,856,930 states generated (3,370,447 s/min), 427,863,830 distinct states found (473,875 ds/min), 160,695,687 states left on queue.
Progress(23) at 2026-07-26 07:33:45: 2,454,197,703 states generated (3,340,773 s/min), 428,351,859 distinct states found (488,029 ds/min), 160,766,117 states left on queue.
Progress(23) at 2026-07-26 07:34:45: 2,457,552,600 states generated (3,354,897 s/min), 428,936,194 distinct states found (584,335 ds/min), 160,931,092 states left on queue.
Progress(23) at 2026-07-26 07:35:45: 2,460,959,806 states generated (3,407,206 s/min), 429,463,896 distinct states found (527,702 ds/min), 161,032,893 states left on queue.
Progress(23) at 2026-07-26 07:36:45: 2,464,337,350 states generated (3,377,544 s/min), 429,981,239 distinct states found (517,343 ds/min), 161,128,044 states left on queue.
Progress(23) at 2026-07-26 07:37:45: 2,467,732,645 states generated (3,395,295 s/min), 430,435,673 distinct states found (454,434 ds/min), 161,158,065 states left on queue.
Progress(23) at 2026-07-26 07:38:45: 2,471,152,919 states generated (3,420,274 s/min), 430,949,419 distinct states found (513,746 ds/min), 161,244,255 states left on queue.
Progress(23) at 2026-07-26 07:39:45: 2,474,564,822 states generated (3,411,903 s/min), 431,493,781 distinct states found (544,362 ds/min), 161,362,131 states left on queue.
Progress(23) at 2026-07-26 07:40:45: 2,477,970,033 states generated (3,405,211 s/min), 431,996,819 distinct states found (503,038 ds/min), 161,439,517 states left on queue.
Progress(23) at 2026-07-26 07:41:45: 2,481,369,530 states generated (3,399,497 s/min), 432,505,745 distinct states found (508,926 ds/min), 161,523,506 states left on queue.
Progress(23) at 2026-07-26 07:42:45: 2,484,758,070 states generated (3,388,540 s/min), 433,020,429 distinct states found (514,684 ds/min), 161,614,607 states left on queue.
Progress(23) at 2026-07-26 07:43:45: 2,488,142,398 states generated (3,384,328 s/min), 433,480,677 distinct states found (460,248 ds/min), 161,651,812 states left on queue.
Progress(23) at 2026-07-26 07:44:45: 2,491,497,726 states generated (3,355,328 s/min), 433,940,296 distinct states found (459,619 ds/min), 161,692,017 states left on queue.
Progress(23) at 2026-07-26 07:45:45: 2,494,919,748 states generated (3,422,022 s/min), 434,374,181 distinct states found (433,885 ds/min), 161,698,147 states left on queue.
Progress(23) at 2026-07-26 07:46:45: 2,498,344,003 states generated (3,424,255 s/min), 434,832,091 distinct states found (457,910 ds/min), 161,728,027 states left on queue.
Progress(23) at 2026-07-26 07:47:45: 2,501,756,079 states generated (3,412,076 s/min), 435,253,937 distinct states found (421,846 ds/min), 161,723,363 states left on queue.
Checkpointing of run states/26-07-25-19-18-36
Checkpointing completed at (2026-07-26 07:48:45)
Progress(23) at 2026-07-26 07:48:45: 2,505,203,645 states generated (3,447,566 s/min), 435,656,711 distinct states found (402,774 ds/min), 161,695,190 states left on queue.
Progress(23) at 2026-07-26 07:49:45: 2,508,615,903 states generated (3,412,258 s/min), 436,199,712 distinct states found (543,001 ds/min), 161,811,661 states left on queue.
Progress(23) at 2026-07-26 07:50:45: 2,512,063,518 states generated (3,447,615 s/min), 436,664,426 distinct states found (464,714 ds/min), 161,845,419 states left on queue.
Progress(23) at 2026-07-26 07:51:45: 2,515,442,056 states generated (3,378,538 s/min), 437,115,864 distinct states found (451,438 ds/min), 161,874,542 states left on queue.
Progress(23) at 2026-07-26 07:52:45: 2,518,829,426 states generated (3,387,370 s/min), 437,541,888 distinct states found (426,024 ds/min), 161,877,142 states left on queue.
Progress(23) at 2026-07-26 07:53:45: 2,522,232,139 states generated (3,402,713 s/min), 437,946,683 distinct states found (404,795 ds/min), 161,856,597 states left on queue.
Progress(23) at 2026-07-26 07:54:45: 2,525,627,273 states generated (3,395,134 s/min), 438,517,931 distinct states found (571,248 ds/min), 162,003,453 states left on queue.
Progress(23) at 2026-07-26 07:55:45: 2,529,022,075 states generated (3,394,802 s/min), 439,042,287 distinct states found (524,356 ds/min), 162,103,461 states left on queue.
Progress(23) at 2026-07-26 07:56:45: 2,532,431,277 states generated (3,409,202 s/min), 439,564,767 distinct states found (522,480 ds/min), 162,199,791 states left on queue.
Progress(23) at 2026-07-26 07:57:45: 2,535,850,457 states generated (3,419,180 s/min), 440,054,408 distinct states found (489,641 ds/min), 162,262,032 states left on queue.
Progress(23) at 2026-07-26 07:58:45: 2,539,268,384 states generated (3,417,927 s/min), 440,499,210 distinct states found (444,802 ds/min), 162,279,595 states left on queue.
Progress(23) at 2026-07-26 07:59:45: 2,542,691,035 states generated (3,422,651 s/min), 440,987,668 distinct states found (488,458 ds/min), 162,340,220 states left on queue.
Progress(23) at 2026-07-26 08:00:45: 2,546,118,374 states generated (3,427,339 s/min), 441,470,864 distinct states found (483,196 ds/min), 162,394,999 states left on queue.
Progress(23) at 2026-07-26 08:01:45: 2,549,551,320 states generated (3,432,946 s/min), 441,964,631 distinct states found (493,767 ds/min), 162,459,648 states left on queue.
Progress(23) at 2026-07-26 08:02:45: 2,552,944,168 states generated (3,392,848 s/min), 442,411,232 distinct states found (446,601 ds/min), 162,482,141 states left on queue.
Progress(23) at 2026-07-26 08:03:45: 2,556,186,630 states generated (3,242,462 s/min), 442,834,399 distinct states found (423,167 ds/min), 162,500,002 states left on queue.
Progress(23) at 2026-07-26 08:04:45: 2,559,472,291 states generated (3,285,661 s/min), 443,215,860 distinct states found (381,461 ds/min), 162,470,757 states left on queue.
Progress(23) at 2026-07-26 08:05:45: 2,562,797,011 states generated (3,324,720 s/min), 443,635,908 distinct states found (420,048 ds/min), 162,475,216 states left on queue.
Progress(23) at 2026-07-26 08:06:45: 2,566,101,211 states generated (3,304,200 s/min), 444,104,987 distinct states found (469,079 ds/min), 162,531,266 states left on queue.
make: *** [Makefile:14: safety_n5] Terminated
